DEPT,GR
27.0,
27.5,
28.0,
28.5,
29.0,
29.5,
30.0,
30.5,
31.0,
31.5,
32.0,
32.5,
33.0,
33.5,
34.0,
34.5,
35.0,
35.5,
36.0,
36.5,
37.0,
37.5,
38.0,
38.5,
39.0,
39.5,
40.0,
40.5,
41.0,
41.5,
42.0,
42.5,
43.0,
43.5,
44.0,
44.5,
45.0,
45.5,
46.0,
46.5,
47.0,
47.5,
48.0,
48.5,
49.0,
49.5,
50.0,
50.5,54.7159
51.0,57.1767
51.5,56.9671
52.0,57.2208
52.5,58.213
53.0,55.8465
53.5,56.856
54.0,61.0525
54.5,60.2563
55.0,59.4293
55.5,58.2719
56.0,58.2398
56.5,57.4768
57.0,58.6108
57.5,56.4753
58.0,56.3301
58.5,55.4217
59.0,54.0415
59.5,53.9921
60.0,55.1999
60.5,54.6282
61.0,55.4332
61.5,56.1329
62.0,54.3688
62.5,55.2471
63.0,55.7059
63.5,59.9393
64.0,59.0262
64.5,54.4359
65.0,51.3066
65.5,51.7709
66.0,51.6888
66.5,48.3879
67.0,49.3694
67.5,45.7859
68.0,43.4613
68.5,46.3641
69.0,48.0978
69.5,48.9585
70.0,46.1352
70.5,48.0063
71.0,49.6443
71.5,50.5097
72.0,46.1971
72.5,51.4088
73.0,44.1812
73.5,45.9688
74.0,45.8688
74.5,43.4125
75.0,45.2292
75.5,41.7423
76.0,42.7635
76.5,42.4074
77.0,40.5234
77.5,45.2349
78.0,44.1141
78.5,44.9285
79.0,42.7551
79.5,42.0467
80.0,43.8528
80.5,48.275
81.0,48.9262
81.5,48.1355
82.0,45.1425
82.5,43.7007
83.0,46.0082
83.5,44.2996
84.0,46.956
84.5,49.6546
85.0,43.7246
85.5,42.9136
86.0,42.8962
86.5,46.2558
87.0,47.0633
87.5,46.1742
88.0,45.6084
88.5,47.8075
89.0,52.4551
89.5,54.3791
90.0,55.0646
90.5,52.7416
91.0,54.1886
91.5,51.0695
92.0,51.6405
92.5,51.5724
93.0,50.6798
93.5,51.3809
94.0,51.5076
94.5,52.3003
95.0,51.4284
95.5,50.0255
96.0,52.5287
96.5,48.862
97.0,50.0925
97.5,52.4347
98.0,53.6849
98.5,52.3079
99.0,57.0396
99.5,60.4431
100.0,57.525
100.5,61.1005
101.0,60.794
101.5,59.6802
102.0,55.0997
102.5,62.0695
103.0,65.221
103.5,68.2143
104.0,67.336
104.5,68.238
105.0,69.0947
105.5,69.5103
106.0,68.1583
106.5,68.9837
107.0,68.7354
107.5,70.4458
108.0,72.8753
108.5,71.5779
109.0,70.505
109.5,70.3691
110.0,72.466
110.5,72.9894
111.0,68.2597
111.5,68.4211
112.0,71.0518
112.5,71.8675
113.0,72.2926
113.5,69.711
114.0,70.5366
114.5,69.2842
115.0,72.4101
115.5,70.3107
116.0,70.3472
116.5,71.2009
117.0,67.531
117.5,72.8605
118.0,71.6867
118.5,71.8402
119.0,70.1632
119.5,70.4426
120.0,69.4889
120.5,69.44
121.0,69.2677
121.5,68.8729
122.0,69.3259
122.5,69.2516
123.0,70.4882
123.5,68.5516
124.0,66.7107
124.5,70.4009
125.0,68.1222
125.5,68.3396
126.0,70.316
126.5,68.1657
127.0,69.3185
127.5,68.3789
128.0,68.5173
128.5,68.3964
129.0,70.0613
129.5,68.0686
130.0,67.4727
130.5,69.2618
131.0,69.599
131.5,67.3854
132.0,62.4481
132.5,63.1188
133.0,62.9241
133.5,62.6085
134.0,60.5776
134.5,62.3557
135.0,61.9634
135.5,65.131
136.0,64.4275
136.5,62.9474
137.0,60.4385
137.5,64.5594
138.0,62.4043
138.5,60.335
139.0,63.2798
139.5,63.0553
140.0,69.4078
140.5,74.8238
141.0,76.3249
141.5,73.9261
142.0,71.1622
142.5,74.6822
143.0,76.6482
143.5,75.4113
144.0,73.9863
144.5,74.5405
145.0,75.7218
145.5,75.1495
146.0,72.6156
146.5,75.2259
147.0,73.1755
147.5,76.6962
148.0,72.8839
148.5,72.2952
149.0,70.0098
149.5,68.9711
150.0,71.6358
150.5,65.7122
151.0,65.5484
151.5,67.7987
152.0,68.8428
152.5,70.4796
153.0,70.3163
153.5,74.9477
154.0,71.7246
154.5,70.251
155.0,66.4286
155.5,67.6469
156.0,69.2402
156.5,70.8652
157.0,70.5216
157.5,73.9443
158.0,71.65
158.5,69.6686
159.0,69.4732
159.5,73.4208
160.0,71.8417
160.5,70.4844
161.0,69.5132
161.5,74.3639
162.0,74.5835
162.5,72.9537
163.0,67.9333
163.5,65.1882
164.0,66.9318
164.5,69.9716
165.0,70.4475
165.5,70.2473
166.0,67.9509
166.5,66.392
167.0,66.1305
167.5,66.7386
168.0,69.4652
168.5,65.9142
169.0,66.4793
169.5,71.3144
170.0,72.8706
170.5,70.7055
171.0,71.0906
171.5,69.8014
172.0,70.9776
172.5,71.1665
173.0,69.4641
173.5,72.999
174.0,74.0911
174.5,71.8523
175.0,70.0917
175.5,74.9113
176.0,65.5844
176.5,64.0536
177.0,70.3081
177.5,68.1885
178.0,62.6478
178.5,64.7461
179.0,64.7139
179.5,68.2265
180.0,65.3076
180.5,64.0358
181.0,65.771
181.5,64.3642
182.0,64.5722
182.5,64.9177
183.0,63.9424
183.5,59.597
184.0,63.2486
184.5,63.7611
185.0,65.5577
185.5,70.6156
186.0,69.9601
186.5,70.1867
187.0,73.0422
187.5,67.9584
188.0,70.3497
188.5,68.3637
189.0,68.0308
189.5,68.8974
190.0,65.3113
190.5,68.982
191.0,68.0032
191.5,65.2523
192.0,67.9596
192.5,66.4594
193.0,70.0973
193.5,70.2566
194.0,69.4228
194.5,67.5102
195.0,65.2122
195.5,66.3837
196.0,68.6488
196.5,70.0333
197.0,69.9392
197.5,70.976
198.0,71.8963
198.5,70.2202
199.0,71.3895
199.5,71.6354
200.0,66.85
200.5,66.8114
201.0,69.7782
201.5,70.4762
202.0,70.792
202.5,73.1324
203.0,69.6861
203.5,67.9994
204.0,69.6721
204.5,68.3757
205.0,65.5468
205.5,67.899
206.0,68.3661
206.5,70.8951
207.0,71.4012
207.5,72.916
208.0,71.1175
208.5,69.6234
209.0,67.3522
209.5,69.2776
210.0,69.0883
210.5,71.2766
211.0,67.4525
211.5,66.7588
212.0,67.0126
212.5,71.7776
213.0,72.6784
213.5,68.9669
214.0,67.9765
214.5,74.3349
215.0,68.5712
215.5,70.5896
216.0,69.4638
216.5,69.4634
217.0,70.4287
217.5,69.0604
218.0,70.3431
218.5,70.7027
219.0,68.0069
219.5,67.6424
220.0,70.1985
220.5,68.0098
221.0,71.1459
221.5,74.1697
222.0,71.5314
222.5,68.9898
223.0,70.5059
223.5,72.0972
224.0,69.2939
224.5,67.5274
225.0,66.6357
225.5,68.2526
226.0,67.6897
226.5,67.5408
227.0,69.9605
227.5,68.2432
228.0,67.435
228.5,65.8359
229.0,70.389
229.5,67.5175
230.0,68.7283
230.5,68.2858
231.0,70.7753
231.5,71.7102
232.0,69.4956
232.5,66.185
233.0,69.5182
233.5,69.0962
234.0,68.1299
234.5,66.9118
235.0,69.0907
235.5,69.4115
236.0,70.8877
236.5,69.6352
237.0,71.7831
237.5,69.1012
238.0,67.1311
238.5,70.0943
239.0,68.8248
239.5,69.0436
240.0,71.9112
240.5,70.9266
241.0,72.1238
241.5,70.0677
242.0,69.6181
242.5,72.7064
243.0,75.3948
243.5,73.096
244.0,71.6516
244.5,74.6905
245.0,73.0545
245.5,68.8961
246.0,70.4847
246.5,68.2415
247.0,71.0593
247.5,68.4463
248.0,71.1868
248.5,71.5036
249.0,69.3738
249.5,67.7443
250.0,71.1553
250.5,70.2982
251.0,68.475
251.5,70.0135
252.0,67.4071
252.5,64.727
253.0,66.2713
253.5,68.7113
254.0,68.0718
254.5,71.3453
255.0,69.3873
255.5,68.2334
256.0,71.5981
256.5,69.2381
257.0,69.3404
257.5,70.077
258.0,67.874
258.5,69.9811
259.0,68.2096
259.5,67.2767
260.0,68.2594
260.5,69.8363
261.0,71.3384
261.5,68.6938
262.0,70.6827
262.5,69.7948
263.0,68.4367
263.5,68.7155
264.0,69.5057
264.5,66.8852
265.0,68.1622
265.5,71.0025
266.0,70.0055
266.5,72.7107
267.0,73.4732
267.5,69.1478
268.0,69.6937
268.5,73.0972
269.0,69.6292
269.5,70.1745
270.0,67.7802
270.5,68.3609
271.0,70.1752
271.5,69.2861
272.0,70.5704
272.5,70.0244
273.0,70.7584
273.5,69.2652
274.0,65.7351
274.5,71.5954
275.0,73.3099
275.5,68.6715
276.0,63.874
276.5,64.8035
277.0,65.9437
277.5,64.8133
278.0,68.906
278.5,67.5222
279.0,65.2427
279.5,68.2485
280.0,68.0596
280.5,70.3197
281.0,68.6847
281.5,69.4722
282.0,67.1522
282.5,64.7761
283.0,70.6389
283.5,73.0221
284.0,71.6983
284.5,74.1191
285.0,74.8723
285.5,69.0606
286.0,61.4642
286.5,64.7937
287.0,67.0543
287.5,64.3908
288.0,67.1383
288.5,67.5457
289.0,65.4445
289.5,72.1199
290.0,70.1962
290.5,74.882
291.0,73.6186
291.5,71.3743
292.0,71.5848
292.5,68.0321
293.0,70.8149
293.5,73.3547
294.0,73.6152
294.5,72.1424
295.0,68.8477
295.5,69.3404
296.0,64.03
296.5,63.3335
297.0,67.9641
297.5,71.9786
298.0,68.6743
298.5,69.029
299.0,73.1788
299.5,75.1255
300.0,74.2071
300.5,72.1992
301.0,68.6112
301.5,67.9183
302.0,69.1878
302.5,71.1044
303.0,73.6272
303.5,72.944
304.0,73.0194
304.5,70.8134
305.0,69.3678
305.5,67.4524
306.0,61.6698
306.5,53.3657
307.0,57.3455
307.5,67.8933
308.0,68.3024
308.5,69.2551
309.0,67.531
309.5,69.1995
310.0,69.7137
310.5,67.9268
311.0,70.2129
311.5,69.3368
312.0,71.3109
312.5,71.1177
313.0,71.6553
313.5,75.8921
314.0,75.6466
314.5,70.5542
315.0,70.4816
315.5,67.2456
316.0,70.8802
316.5,70.7174
317.0,72.1547
317.5,74.6562
318.0,76.7138
318.5,73.8852
319.0,69.0163
319.5,77.2674
320.0,71.7311
320.5,72.3945
321.0,79.994
321.5,77.9609
322.0,68.7549
322.5,70.3672
323.0,71.3251
323.5,70.7187
324.0,67.0367
324.5,66.9946
325.0,69.4208
325.5,71.4955
326.0,70.3867
326.5,72.2137
327.0,68.772
327.5,66.0819
328.0,66.6259
328.5,69.5536
329.0,63.568
329.5,64.9715
330.0,67.6541
330.5,69.1722
331.0,65.6438
331.5,68.3106
332.0,66.0462
332.5,64.4382
333.0,61.4912
333.5,62.8357
334.0,69.2159
334.5,66.981
335.0,69.8985
335.5,67.5949
336.0,69.4776
336.5,68.6289
337.0,69.0086
337.5,64.7285
338.0,68.3671
338.5,69.7385
339.0,68.2985
339.5,71.3879
340.0,70.5703
340.5,78.4193
341.0,75.9704
341.5,72.8409
342.0,72.1835
342.5,70.9427
343.0,70.4141
343.5,74.3602
344.0,73.5188
344.5,69.3938
345.0,72.0798
345.5,70.1284
346.0,72.0262
346.5,73.118
347.0,70.2208
347.5,72.795
348.0,72.4092
348.5,73.5021
349.0,73.4126
349.5,74.0938
350.0,74.9611
350.5,69.7681
351.0,70.7126
351.5,73.1493
352.0,73.3044
352.5,72.3472
353.0,70.5293
353.5,75.1318
354.0,74.9535
354.5,71.3493
355.0,74.7856
355.5,72.3904
356.0,72.5952
356.5,70.5077
357.0,71.3854
357.5,71.0055
358.0,68.5484
358.5,70.5124
359.0,69.9309
359.5,71.8825
360.0,70.7436
360.5,70.5478
361.0,70.1543
361.5,71.6573
362.0,69.2169
362.5,68.7091
363.0,70.2118
363.5,71.5157
364.0,68.2044
364.5,68.848
365.0,72.0112
365.5,71.0889
366.0,68.2819
366.5,71.0097
367.0,67.983
367.5,64.2437
368.0,65.7068
368.5,64.9627
369.0,64.7759
369.5,63.1578
370.0,65.0319
370.5,65.3463
371.0,63.9532
371.5,67.4886
372.0,67.9191
372.5,68.4097
373.0,70.0886
373.5,70.8592
374.0,70.9444
374.5,72.5125
375.0,72.3875
375.5,70.1696
376.0,71.8581
376.5,69.3285
377.0,65.964
377.5,62.2375
378.0,64.4379
378.5,62.1015
379.0,63.8704
379.5,66.8319
380.0,65.4335
380.5,66.8044
381.0,70.9234
381.5,69.3318
382.0,70.3284
382.5,74.0792
383.0,73.5555
383.5,70.8405
384.0,73.4527
384.5,74.0623
385.0,73.5655
385.5,74.4387
386.0,74.4266
386.5,74.7224
387.0,73.0872
387.5,75.2116
388.0,72.9653
388.5,73.4323
389.0,75.4594
389.5,73.3247
390.0,74.6653
390.5,78.6161
391.0,74.4099
391.5,77.3367
392.0,81.2832
392.5,75.3761
393.0,77.4609
393.5,77.3727
394.0,73.0657
394.5,73.6558
395.0,74.4222
395.5,72.6851
396.0,74.6914
396.5,72.1257
397.0,72.5789
397.5,71.7161
398.0,72.0941
398.5,69.5694
399.0,71.2896
399.5,74.297
400.0,75.6744
400.5,72.9307
401.0,71.3486
401.5,72.8585
402.0,75.6315
402.5,74.274
403.0,74.7867
403.5,74.3852
404.0,77.6798
404.5,76.2892
405.0,75.5485
405.5,74.6993
406.0,74.4598
406.5,76.4533
407.0,76.4234
407.5,79.7576
408.0,78.9236
408.5,79.2689
409.0,74.8483
409.5,74.914
410.0,73.891
410.5,72.9431
411.0,62.1049
411.5,63.878
412.0,63.7147
412.5,63.4844
413.0,63.9724
413.5,67.6854
414.0,65.5494
414.5,63.7557
415.0,69.0755
415.5,68.6732
416.0,67.8505
416.5,66.3595
417.0,68.6445
417.5,72.0754
418.0,69.5366
418.5,69.4485
419.0,67.8034
419.5,72.1249
420.0,71.1271
420.5,70.0445
421.0,71.2716
421.5,68.0053
422.0,69.6035
422.5,70.5633
423.0,72.4647
423.5,73.9902
424.0,70.3957
424.5,74.4234
425.0,72.846
425.5,70.4714
426.0,72.3336
426.5,73.434
427.0,70.516
427.5,72.7137
428.0,73.3363
428.5,72.0726
429.0,72.3952
429.5,70.3473
430.0,74.0716
430.5,74.3498
431.0,77.6491
431.5,75.0784
432.0,74.8632
432.5,75.2331
433.0,74.3207
433.5,73.7989
434.0,74.2677
434.5,73.6351
435.0,74.7964
435.5,75.7524
436.0,77.0043
436.5,74.2598
437.0,74.7071
437.5,75.0704
438.0,70.1514
438.5,78.1478
439.0,76.3025
439.5,78.369
440.0,78.0839
440.5,76.4163
441.0,76.8092
441.5,75.8468
442.0,80.1768
442.5,76.535
443.0,76.6128
443.5,72.0709
444.0,72.8705
444.5,76.0716
445.0,75.5951
445.5,74.2879
446.0,74.3895
446.5,77.8907
447.0,78.734
447.5,71.8084
448.0,75.1844
448.5,73.5286
449.0,72.2262
449.5,72.8057
450.0,71.7177
450.5,71.9673
451.0,72.6091
451.5,70.366
452.0,69.9363
452.5,67.8353
453.0,69.6811
453.5,69.5664
454.0,68.2349
454.5,68.887
455.0,66.386
455.5,67.4332
456.0,71.1584
456.5,69.8649
457.0,71.6489
457.5,73.3071
458.0,74.4331
458.5,73.2241
459.0,71.7538
459.5,75.429
460.0,75.0071
460.5,72.1649
461.0,71.7369
461.5,71.6224
462.0,73.7252
462.5,72.8825
463.0,72.8204
463.5,73.3794
464.0,72.6372
464.5,73.8353
465.0,71.8262
465.5,72.8417
466.0,70.6789
466.5,70.0955
467.0,68.7827
467.5,65.6351
468.0,64.8519
468.5,67.2676
469.0,71.1977
469.5,71.8877
470.0,72.3555
470.5,72.43
471.0,74.2313
471.5,75.0801
472.0,74.1452
472.5,74.7125
473.0,76.9904
473.5,74.7206
474.0,72.3299
474.5,75.2496
475.0,72.4307
475.5,74.4075
476.0,73.4239
476.5,73.1175
477.0,72.9205
477.5,74.4606
478.0,71.429
478.5,73.4869
479.0,76.5057
479.5,74.055
480.0,74.9722
480.5,74.8845
481.0,75.9755
481.5,74.8875
482.0,74.0823
482.5,75.0344
483.0,78.9442
483.5,77.2978
484.0,75.8428
484.5,76.2962
485.0,76.1453
485.5,76.6608
486.0,80.8207
486.5,81.0482
487.0,79.5154
487.5,83.9172
488.0,79.3829
488.5,78.2636
489.0,75.2144
489.5,74.8731
490.0,75.7257
490.5,74.8482
491.0,79.6538
491.5,79.9753
492.0,83.6055
492.5,78.6888
493.0,78.0647
493.5,75.3986
494.0,74.7365
494.5,78.663
495.0,78.2001
495.5,77.3774
496.0,77.3385
496.5,77.595
497.0,76.4347
497.5,77.0192
498.0,79.7838
498.5,80.593
499.0,75.2142
499.5,78.5596
500.0,75.3778
500.5,75.5412
501.0,78.882
501.5,80.3034
502.0,77.1669
502.5,76.3723
503.0,77.7071
503.5,78.2202
504.0,78.8665
504.5,78.4021
505.0,74.0229
505.5,73.7683
506.0,76.2483
506.5,77.4399
507.0,76.8214
507.5,81.237
508.0,78.241
508.5,77.6751
509.0,73.8782
509.5,75.247
510.0,78.7165
510.5,77.4609
511.0,79.5387
511.5,77.38
512.0,76.8318
512.5,78.5839
513.0,79.4155
513.5,76.7632
514.0,78.7095
514.5,80.7971
515.0,79.7757
515.5,77.48
516.0,77.1606
516.5,79.5917
517.0,81.4272
517.5,81.2416
518.0,78.4007
518.5,78.0244
519.0,77.9429
519.5,75.3074
520.0,74.9817
520.5,78.1815
521.0,76.8557
521.5,78.6206
522.0,77.8494
522.5,81.4694
523.0,80.2771
523.5,81.2696
524.0,80.3287
524.5,80.8
525.0,79.8687
525.5,80.1268
526.0,80.7853
526.5,80.3067
527.0,83.7847
527.5,82.0728
528.0,79.7064
528.5,83.4535
529.0,80.3609
529.5,78.5664
530.0,79.9536
530.5,83.0551
531.0,79.5214
531.5,76.9629
532.0,75.2299
532.5,76.544
533.0,76.3571
533.5,78.4913
534.0,76.8239
534.5,78.1332
535.0,74.9558
535.5,77.5965
536.0,78.3367
536.5,77.0695
537.0,77.6809
537.5,74.9611
538.0,76.6719
538.5,77.2243
539.0,76.915
539.5,77.1385
540.0,79.9382
540.5,79.531
541.0,77.8435
541.5,78.7704
542.0,78.6913
542.5,79.7757
543.0,77.6014
543.5,76.5777
544.0,81.6315
544.5,79.8944
545.0,74.8125
545.5,76.7777
546.0,77.262
546.5,77.6042
547.0,75.9966
547.5,78.4939
548.0,79.359
548.5,78.5731
549.0,77.7181
549.5,74.9029
550.0,73.0938
550.5,74.5449
551.0,77.8048
551.5,75.212
552.0,77.3759
552.5,77.8947
553.0,78.5173
553.5,76.7143
554.0,77.8099
554.5,80.0374
555.0,80.607
555.5,79.6876
556.0,77.6849
556.5,77.7404
557.0,77.8106
557.5,79.0193
558.0,80.8243
558.5,79.6085
559.0,81.5597
559.5,81.8476
560.0,78.9002
560.5,76.6672
561.0,76.7962
561.5,77.8946
562.0,79.717
562.5,80.8189
563.0,78.4159
563.5,76.3258
564.0,78.2209
564.5,79.4536
565.0,76.874
565.5,78.8882
566.0,77.2587
566.5,76.7524
567.0,81.4889
567.5,81.9973
568.0,80.528
568.5,77.7035
569.0,78.2049
569.5,76.9779
570.0,75.2409
570.5,79.1118
571.0,78.3389
571.5,78.9022
572.0,78.5802
572.5,78.5943
573.0,79.2203
573.5,79.8005
574.0,79.9237
574.5,77.9804
575.0,73.9352
575.5,74.3865
576.0,75.7875
576.5,73.9835
577.0,75.7713
577.5,76.7901
578.0,76.2425
578.5,76.6315
579.0,78.0921
579.5,77.2458
580.0,79.3336
580.5,76.6765
581.0,77.9066
581.5,78.3541
582.0,77.727
582.5,75.8742
583.0,79.3948
583.5,81.7431
584.0,79.7726
584.5,74.9004
585.0,79.265
585.5,78.7022
586.0,77.3858
586.5,82.1341
587.0,80.9483
587.5,77.2003
588.0,79.7296
588.5,79.0349
589.0,75.6366
589.5,78.1234
590.0,79.8647
590.5,80.0176
591.0,76.883
591.5,75.4807
592.0,75.2765
592.5,77.7719
593.0,80.0375
593.5,82.3557
594.0,81.5926
594.5,81.6007
595.0,78.8893
595.5,78.6905
596.0,79.4275
596.5,81.2543
597.0,78.8375
597.5,77.1602
598.0,78.1504
598.5,81.2741
599.0,82.1275
599.5,82.3933
600.0,79.7074
600.5,77.5466
601.0,76.5135
601.5,77.804
602.0,81.1889
602.5,76.4685
603.0,79.6783
603.5,77.616
604.0,77.1727
604.5,77.6373
605.0,75.8856
605.5,76.6059
606.0,76.7044
606.5,78.8818
607.0,79.7975
607.5,81.033
608.0,79.4719
608.5,79.174
609.0,79.2154
609.5,78.6301
610.0,80.3676
610.5,78.6245
611.0,79.2517
611.5,79.5699
612.0,79.5626
612.5,78.701
613.0,79.7457
613.5,81.475
614.0,81.4126
614.5,79.7722
615.0,78.1815
615.5,77.0732
616.0,77.5074
616.5,79.118
617.0,79.8914
617.5,81.9121
618.0,80.952
618.5,80.5864
619.0,74.7349
619.5,78.1563
620.0,80.6907
620.5,80.921
621.0,77.7129
621.5,77.3455
622.0,81.5261
622.5,83.9091
623.0,77.1574
623.5,76.3839
624.0,81.6192
624.5,81.1464
625.0,83.2077
625.5,80.7221
626.0,76.6536
626.5,79.1979
627.0,74.8309
627.5,77.3323
628.0,77.2755
628.5,80.6794
629.0,80.5525
629.5,78.5012
630.0,76.6566
630.5,75.6412
631.0,79.3368
631.5,75.0391
632.0,75.3016
632.5,79.158
633.0,77.1627
633.5,76.2192
634.0,77.1504
634.5,77.291
635.0,77.7796
635.5,79.5468
636.0,80.2671
636.5,79.9332
637.0,78.4038
637.5,81.0091
638.0,79.7495
638.5,77.8845
639.0,74.6337
639.5,76.235
640.0,75.8834
640.5,76.4446
641.0,74.0006
641.5,74.6036
642.0,75.366
642.5,77.2255
643.0,76.9786
643.5,74.3528
644.0,79.7482
644.5,77.2146
645.0,76.4252
645.5,77.0702
646.0,79.7745
646.5,77.3334
647.0,78.5692
647.5,79.5898
648.0,79.4686
648.5,78.0485
649.0,79.5229
649.5,72.4589
650.0,66.5638
650.5,51.6445
651.0,50.0787
651.5,50.5944
652.0,51.8058
652.5,51.6179
653.0,53.7819
653.5,55.5731
654.0,61.2096
654.5,69.3567
655.0,71.5503
655.5,71.4703
656.0,69.0828
656.5,71.643
657.0,72.5556
657.5,70.5948
658.0,72.3813
658.5,70.4346
659.0,70.9297
659.5,72.4531
660.0,74.766
660.5,72.6117
661.0,72.2517
661.5,73.8795
662.0,72.6255
662.5,70.3126
663.0,73.6734
663.5,70.1431
664.0,72.5556
664.5,70.503
665.0,72.3255
665.5,71.8123
666.0,74.6883
666.5,74.9173
667.0,72.8256
667.5,72.8131
668.0,74.2742
668.5,71.2681
669.0,72.9545
669.5,72.0312
670.0,71.2437
670.5,72.8425
671.0,70.149
671.5,68.7365
672.0,72.1629
672.5,68.9274
673.0,72.6218
673.5,69.0094
674.0,67.9231
674.5,74.0836
675.0,74.908
675.5,71.6518
676.0,73.1809
676.5,71.4091
677.0,73.747
677.5,75.0765
678.0,72.5071
678.5,61.3558
679.0,57.8176
679.5,55.0355
680.0,54.5613
680.5,56.5935
681.0,63.1117
681.5,62.9726
682.0,62.0203
682.5,60.7471
683.0,59.3992
683.5,59.7701
684.0,53.2935
684.5,52.7838
685.0,56.1552
685.5,63.9254
686.0,63.3036
686.5,66.3058
687.0,66.8413
687.5,62.2064
688.0,65.7579
688.5,70.1874
689.0,68.1166
689.5,60.7157
690.0,62.6511
690.5,70.2964
691.0,74.8942
691.5,78.6706
692.0,78.8927
692.5,80.4027
693.0,75.2992
693.5,75.2707
694.0,77.4084
694.5,81.1182
695.0,75.0801
695.5,76.6142
696.0,75.9731
696.5,79.0271
697.0,79.547
697.5,74.9926
698.0,75.9593
698.5,78.4173
699.0,80.4995
699.5,76.819
700.0,76.4147
700.5,80.2514
701.0,80.9814
701.5,79.2808
702.0,79.7745
702.5,79.1568
703.0,82.0835
703.5,82.6886
704.0,76.5691
704.5,80.605
705.0,76.9564
705.5,76.4584
706.0,75.3585
706.5,77.4515
707.0,75.8573
707.5,78.5478
708.0,77.3464
708.5,78.5624
709.0,81.9323
709.5,79.872
710.0,80.9838
710.5,81.3434
711.0,76.3132
711.5,79.364
712.0,79.7141
712.5,78.5829
713.0,77.263
713.5,74.8809
714.0,77.8964
714.5,76.8767
715.0,77.8991
715.5,76.8722
716.0,76.4478
716.5,71.2342
717.0,72.1395
717.5,72.7291
718.0,76.8824
718.5,78.2198
719.0,79.1312
719.5,78.3991
720.0,75.2701
720.5,76.6012
721.0,77.5012
721.5,73.8204
722.0,73.3043
722.5,75.8545
723.0,75.9745
723.5,77.7879
724.0,79.4639
724.5,78.9038
725.0,77.7839
725.5,73.4154
726.0,76.8545
726.5,75.1708
727.0,77.0829
727.5,76.4508
728.0,73.8718
728.5,75.6522
729.0,73.4196
729.5,71.5121
730.0,65.2913
730.5,62.3875
731.0,54.0749
731.5,53.4833
732.0,59.7055
732.5,75.044
733.0,72.9079
733.5,71.5751
734.0,70.6555
734.5,72.7169
735.0,72.4449
735.5,73.3017
736.0,71.2939
736.5,72.4695
737.0,74.8356
737.5,75.7344
738.0,72.6193
738.5,72.6725
739.0,72.3402
739.5,72.6563
740.0,68.7524
740.5,66.9744
741.0,70.1687
741.5,73.272
742.0,73.7797
742.5,71.232
743.0,69.1256
743.5,68.3212
744.0,74.3771
744.5,73.3155
745.0,73.8604
745.5,76.0354
746.0,78.7319
746.5,75.8046
747.0,73.8049
747.5,73.6327
748.0,73.3021
748.5,74.4575
749.0,74.5773
749.5,71.649
750.0,64.8065
750.5,68.8157
751.0,74.6698
751.5,77.5427
752.0,78.5455
752.5,76.3641
753.0,77.2916
753.5,76.1405
754.0,78.1429
754.5,74.5522
755.0,76.8371
755.5,80.1753
756.0,80.5804
756.5,76.8022
757.0,79.991
757.5,81.2
758.0,75.1056
758.5,76.0486
759.0,79.4332
759.5,79.8445
760.0,75.3602
760.5,76.1622
761.0,77.605
761.5,76.3225
762.0,78.5876
762.5,75.0868
763.0,77.179
763.5,74.5885
764.0,81.243
764.5,78.3596
765.0,77.9464
765.5,76.2111
766.0,74.253
766.5,79.0759
767.0,76.5086
767.5,78.4259
768.0,78.9971
768.5,79.6919
769.0,75.2838
769.5,78.1313
770.0,78.1532
770.5,77.8645
771.0,77.9437
771.5,70.9488
772.0,49.1904
772.5,40.2024
773.0,45.6131
773.5,45.4447
774.0,45.0034
774.5,43.9737
775.0,43.8608
775.5,43.7171
776.0,45.3709
776.5,44.0463
777.0,43.1796
777.5,42.9897
778.0,44.4077
778.5,37.7788
779.0,36.6645
779.5,39.2452
780.0,41.5466
780.5,41.017
781.0,42.0655
781.5,44.4592
782.0,40.9917
782.5,45.3203
783.0,56.66
783.5,56.3198
784.0,55.7102
784.5,58.397
785.0,57.5034
785.5,58.2989
786.0,56.3614
786.5,62.6896
787.0,60.9971
787.5,58.6023
788.0,59.2078
788.5,58.5728
789.0,56.2769
789.5,57.0942
790.0,58.0265
790.5,59.273
791.0,59.2766
791.5,58.0775
792.0,57.6163
792.5,54.3392
793.0,52.846
793.5,53.755
794.0,53.8419
794.5,50.5305
795.0,52.251
795.5,50.1327
796.0,54.0868
796.5,53.1977
797.0,48.2302
797.5,47.5136
798.0,48.5642
798.5,42.8978
799.0,43.9207
799.5,46.2213
800.0,47.3568
800.5,50.3788
801.0,46.5512
801.5,45.3346
802.0,48.3974
802.5,57.2471
803.0,63.0873
803.5,64.8583
804.0,63.1702
804.5,65.7907
805.0,65.595
805.5,64.4303
806.0,60.4765
806.5,59.4748
807.0,52.1823
807.5,46.8626
808.0,44.2515
808.5,47.6718
809.0,48.4416
809.5,47.2612
810.0,50.111
810.5,51.6358
811.0,52.444
811.5,52.0603
812.0,51.9648
812.5,52.2773
813.0,52.1891
813.5,55.0352
814.0,52.3093
814.5,50.2349
815.0,52.4271
815.5,52.1052
816.0,52.997
816.5,55.7444
817.0,53.5606
817.5,50.2993
818.0,51.0285
818.5,53.596
819.0,51.3488
819.5,53.5128
820.0,53.109
820.5,52.4633
821.0,53.8683
821.5,53.2933
822.0,52.1335
822.5,52.4229
823.0,50.389
823.5,51.8065
824.0,53.4671
824.5,55.663
825.0,58.4817
825.5,61.8243
826.0,60.9739
826.5,58.6506
827.0,57.968
827.5,62.0436
828.0,59.4231
828.5,61.4096
829.0,59.5999
829.5,58.5373
830.0,56.1018
830.5,54.2759
831.0,57.8949
831.5,62.7373
832.0,59.7578
832.5,57.736
833.0,56.3915
833.5,55.8893
834.0,53.4683
834.5,54.2639
835.0,54.6093
835.5,55.3408
836.0,54.0547
836.5,58.2162
837.0,56.1978
837.5,49.0745
838.0,48.5531
838.5,51.4861
839.0,52.352
839.5,52.4002
840.0,49.0481
840.5,52.3887
841.0,53.6111
841.5,53.173
842.0,53.2426
842.5,52.3056
843.0,51.3009
843.5,52.4845
844.0,50.9911
844.5,51.3526
845.0,53.9488
845.5,56.0029
846.0,56.9472
846.5,61.1619
847.0,61.0562
847.5,61.2406
848.0,57.2182
848.5,52.8033
849.0,50.5359
849.5,50.756
850.0,50.4259
850.5,52.2797
851.0,49.9418
851.5,51.9485
852.0,57.6655
852.5,63.1798
853.0,64.7997
853.5,65.1217
854.0,62.9132
854.5,63.0356
855.0,62.417
855.5,65.9473
856.0,65.2588
856.5,64.0804
857.0,64.2648
857.5,65.7039
858.0,65.0256
858.5,64.4138
859.0,65.3946
859.5,64.4439
860.0,64.077
860.5,64.3267
861.0,63.0128
861.5,63.1277
862.0,65.1068
862.5,62.3138
863.0,64.2364
863.5,64.4687
864.0,65.2212
864.5,65.2516
865.0,66.3989
865.5,65.9043
866.0,64.8414
866.5,65.2533
867.0,64.9597
867.5,62.9765
868.0,61.7164
868.5,61.971
869.0,65.534
869.5,66.9707
870.0,65.4202
870.5,66.6865
871.0,66.1409
871.5,66.5044
872.0,65.8107
872.5,64.0333
873.0,63.4577
873.5,64.7601
874.0,65.7324
874.5,66.8312
875.0,65.6506
875.5,63.8286
876.0,64.3533
876.5,65.6888
877.0,65.0045
877.5,62.4633
878.0,64.5954
878.5,64.174
879.0,65.1485
879.5,65.6239
880.0,64.4997
880.5,65.2172
881.0,62.3144
881.5,63.2982
882.0,64.0145
882.5,62.7367
883.0,63.3431
883.5,64.3965
884.0,64.5434
884.5,64.1772
885.0,61.9582
885.5,63.3223
886.0,64.6864
886.5,63.2635
887.0,64.0345
887.5,65.9933
888.0,66.1092
888.5,63.7782
889.0,61.1119
889.5,63.1173
890.0,63.4539
890.5,63.2594
891.0,63.7427
891.5,62.7501
892.0,64.1949
892.5,64.9438
893.0,63.0048
893.5,62.7631
894.0,62.2273
894.5,62.7661
895.0,64.3833
895.5,65.4914
896.0,63.7405
896.5,65.6157
897.0,65.9232
897.5,67.5461
898.0,65.1531
898.5,65.1636
899.0,66.2044
899.5,65.9958
900.0,65.6184
900.5,63.5997
901.0,64.362
901.5,65.5976
902.0,65.4918
902.5,64.8462
903.0,63.9294
903.5,66.4301
904.0,66.8716
904.5,67.0587
905.0,66.3075
905.5,62.9624
906.0,63.1754
906.5,63.7018
907.0,64.7553
907.5,64.7402
908.0,63.9683
908.5,63.9058
909.0,63.699
909.5,62.9636
910.0,59.8649
910.5,65.0856
911.0,67.4032
911.5,66.8872
912.0,65.3855
912.5,66.2799
913.0,66.8578
913.5,66.0473
914.0,66.8815
914.5,60.9002
915.0,63.4281
915.5,66.0148
916.0,66.2569
916.5,67.5494
917.0,67.0644
917.5,66.9334
918.0,67.0864
918.5,66.3742
919.0,64.319
919.5,65.817
920.0,66.7734
920.5,67.8423
921.0,68.001
921.5,67.2023
922.0,69.693
922.5,68.9297
923.0,67.6656
923.5,67.2895
924.0,68.7059
924.5,64.0191
925.0,65.3355
925.5,68.5898
926.0,68.1885
926.5,68.1267
927.0,67.3709
927.5,68.3338
928.0,71.1448
928.5,70.3707
929.0,70.8655
929.5,69.4353
930.0,69.2819
930.5,68.3103
931.0,63.9733
931.5,65.8223
932.0,65.7861
932.5,65.7541
933.0,65.1715
933.5,63.5352
934.0,65.4816
934.5,64.3057
935.0,62.4826
935.5,60.129
936.0,56.332
936.5,58.5983
937.0,57.622
937.5,58.1175
938.0,58.1751
938.5,61.0431
939.0,61.772
939.5,60.5162
940.0,63.6597
940.5,63.0856
941.0,57.8009
941.5,40.9721
942.0,33.0943
942.5,33.5414
943.0,36.4076
943.5,42.0818
944.0,38.794
944.5,35.5781
945.0,33.4206
945.5,33.7896
946.0,44.8505
946.5,52.0741
947.0,53.1606
947.5,55.1863
948.0,62.3073
948.5,63.0433
949.0,62.3637
949.5,58.8713
950.0,58.9672
950.5,55.7517
951.0,54.2741
951.5,52.8974
952.0,59.1385
952.5,51.0754
953.0,51.6531
953.5,56.8182
954.0,51.5367
954.5,42.0128
955.0,43.668
955.5,43.7602
956.0,46.5371
956.5,46.4955
957.0,46.2411
957.5,47.6661
958.0,49.1091
958.5,46.8242
959.0,46.5045
959.5,47.6564
960.0,47.7173
960.5,49.4252
961.0,51.2301
961.5,50.2153
962.0,52.9617
962.5,51.2817
963.0,50.6939
963.5,51.5215
964.0,50.0471
964.5,52.0462
965.0,48.7639
965.5,48.4976
966.0,50.1964
966.5,51.1564
967.0,51.6017
967.5,52.3233
968.0,49.4589
968.5,55.3628
969.0,55.8799
969.5,51.2445
970.0,53.248
970.5,56.9728
971.0,56.4836
971.5,52.0342
972.0,53.6406
972.5,54.2941
973.0,54.0429
973.5,54.2135
974.0,54.2079
974.5,54.7712
975.0,54.027
975.5,54.7848
976.0,53.2367
976.5,50.4831
977.0,49.642
977.5,51.2123
978.0,52.2755
978.5,50.7682
979.0,51.5466
979.5,52.7612
980.0,53.504
980.5,56.4665
981.0,54.8677
981.5,55.1301
982.0,51.85
982.5,49.3591
983.0,48.7303
983.5,55.4639
984.0,52.4377
984.5,55.0884
985.0,53.7595
985.5,54.02
986.0,50.6926
986.5,52.5485
987.0,52.6047
987.5,52.1615
988.0,51.1091
988.5,51.3344
989.0,50.7899
989.5,50.4611
990.0,55.5495
990.5,55.2629
991.0,56.1315
991.5,52.786
992.0,52.9716
992.5,50.8996
993.0,54.4757
993.5,56.0691
994.0,56.3774
994.5,54.7679
995.0,56.3163
995.5,57.7396
996.0,58.8738
996.5,74.8646
997.0,84.3417
997.5,57.9821
998.0,57.2529
998.5,54.8032
999.0,55.871
999.5,53.8103
1000.0,56.1058
1000.5,56.0625
1001.0,55.8289
1001.5,55.337
1002.0,56.6783
1002.5,54.9342
1003.0,53.2961
1003.5,54.5206
1004.0,55.5074
1004.5,56.7246
1005.0,57.5951
1005.5,58.6963
1006.0,61.6456
1006.5,61.7592
1007.0,62.1033
1007.5,61.3741
1008.0,63.6103
1008.5,62.9484
1009.0,65.2614
1009.5,68.4728
1010.0,62.4514
1010.5,61.9795
1011.0,59.7566
1011.5,61.0118
1012.0,66.6504
1012.5,66.1499
1013.0,67.0727
1013.5,65.0521
1014.0,65.7899
1014.5,66.513
1015.0,65.5122
1015.5,65.8753
1016.0,65.2431
1016.5,67.6412
1017.0,67.7539
1017.5,65.4339
1018.0,63.1046
1018.5,62.5371
1019.0,59.8669
1019.5,60.9712
1020.0,66.1712
1020.5,65.6876
1021.0,65.4679
1021.5,67.5418
1022.0,67.006
1022.5,67.752
1023.0,67.9572
1023.5,69.1316
1024.0,68.4319
1024.5,65.3096
1025.0,66.8643
1025.5,66.657
1026.0,66.7134
1026.5,66.3813
1027.0,68.9449
1027.5,69.0962
1028.0,67.1778
1028.5,68.6817
1029.0,68.3911
1029.5,66.845
1030.0,66.0349
1030.5,68.5742
1031.0,71.3244
1031.5,67.9359
1032.0,66.8351
1032.5,69.2768
1033.0,68.3131
1033.5,67.6607
1034.0,67.8556
1034.5,67.3794
1035.0,68.0472
1035.5,68.8785
1036.0,67.0926
1036.5,69.894
1037.0,69.8797
1037.5,68.1422
1038.0,66.378
1038.5,69.6918
1039.0,66.8841
1039.5,64.0377
1040.0,66.591
1040.5,67.8837
1041.0,67.4421
1041.5,67.8646
1042.0,67.7661
1042.5,69.2518
1043.0,68.0411
1043.5,67.2626
1044.0,67.7571
1044.5,69.029
1045.0,69.3765
1045.5,67.3171
1046.0,67.4394
1046.5,67.2027
1047.0,67.2631
1047.5,68.9777
1048.0,66.6909
1048.5,67.4093
1049.0,67.1358
1049.5,66.8369
1050.0,67.5384
1050.5,68.5757
1051.0,69.2846
1051.5,68.9325
1052.0,70.6162
1052.5,68.5493
1053.0,67.9511
1053.5,66.8754
1054.0,66.0263
1054.5,67.0106
1055.0,63.8989
1055.5,64.5762
1056.0,65.744
1056.5,64.5012
1057.0,66.9301
1057.5,64.5856
1058.0,63.1801
1058.5,64.9935
1059.0,65.4412
1059.5,68.3687
1060.0,65.922
1060.5,63.7078
1061.0,66.1023
1061.5,65.9037
1062.0,66.8206
1062.5,64.0106
1063.0,66.7845
1063.5,65.7227
1064.0,64.0044
1064.5,64.1891
1065.0,67.4844
1065.5,66.6635
1066.0,66.4331
1066.5,64.4618
1067.0,65.3458
1067.5,66.9389
1068.0,69.3352
1068.5,69.1632
1069.0,66.7664
1069.5,68.5521
1070.0,67.9818
1070.5,68.5979
1071.0,68.6541
1071.5,67.6921
1072.0,67.814
1072.5,68.8471
1073.0,70.1031
1073.5,67.9209
1074.0,66.8086
1074.5,66.5176
1075.0,69.6992
1075.5,69.6579
1076.0,69.3569
1076.5,67.9596
1077.0,66.9995
1077.5,68.8839
1078.0,67.3726
1078.5,67.9516
1079.0,67.3082
1079.5,64.6335
1080.0,66.5374
1080.5,69.2738
1081.0,68.7329
1081.5,66.995
1082.0,64.2848
1082.5,66.704
1083.0,67.4484
1083.5,69.2629
1084.0,70.5346
1084.5,70.0698
1085.0,66.8442
1085.5,67.1718
1086.0,67.6866
1086.5,69.2024
1087.0,66.876
1087.5,68.9989
1088.0,67.6431
1088.5,65.8311
1089.0,66.1532
1089.5,68.8128
1090.0,69.793
1090.5,69.8994
1091.0,71.2794
1091.5,68.3182
1092.0,69.1428
1092.5,68.9051
1093.0,70.142
1093.5,70.1258
1094.0,72.1059
1094.5,70.0465
1095.0,66.9837
1095.5,70.2811
1096.0,68.9129
1096.5,69.7894
1097.0,70.7415
1097.5,72.0572
1098.0,70.9067
1098.5,69.515
1099.0,72.0778
1099.5,68.8904
1100.0,68.1658
1100.5,65.5211
1101.0,62.7787
1101.5,62.6813
1102.0,66.3955
1102.5,66.9379
1103.0,69.1362
1103.5,68.2281
1104.0,66.4464
1104.5,66.2525
1105.0,67.3557
1105.5,65.4402
1106.0,68.392
1106.5,67.3782
1107.0,66.102
1107.5,66.4426
1108.0,66.5978
1108.5,66.4676
1109.0,67.2801
1109.5,66.2608
1110.0,63.3088
1110.5,65.7624
1111.0,65.6484
1111.5,65.9343
1112.0,66.8461
1112.5,66.4253
1113.0,68.2279
1113.5,65.7841
1114.0,65.0991
1114.5,64.458
1115.0,63.9452
1115.5,58.7233
1116.0,45.2749
1116.5,32.3447
1117.0,30.5014
1117.5,35.0375
1118.0,51.088
1118.5,63.3622
1119.0,65.8949
1119.5,66.595
1120.0,67.7151
1120.5,69.1161
1121.0,67.9743
1121.5,69.4342
1122.0,68.5762
1122.5,68.9511
1123.0,69.3148
1123.5,66.7882
1124.0,66.5015
1124.5,64.8721
1125.0,70.1285
1125.5,69.1665
1126.0,69.8948
1126.5,64.8212
1127.0,65.8117
1127.5,67.6742
1128.0,67.3243
1128.5,70.5938
1129.0,67.9547
1129.5,67.1494
1130.0,67.5846
1130.5,67.431
1131.0,69.3789
1131.5,70.4858
1132.0,70.7342
1132.5,70.2722
1133.0,70.1585
1133.5,70.365
1134.0,70.5969
1134.5,66.2725
1135.0,58.9025
1135.5,53.2189
1136.0,57.5566
1136.5,59.7703
1137.0,63.0681
1137.5,63.6422
1138.0,61.6458
1138.5,62.6038
1139.0,65.6243
1139.5,66.2106
1140.0,64.7935
1140.5,63.5956
1141.0,64.2765
1141.5,64.6434
1142.0,63.2555
1142.5,61.9272
1143.0,56.8834
1143.5,47.6569
1144.0,46.8106
1144.5,50.2627
1145.0,53.6175
1145.5,50.4677
1146.0,51.8154
1146.5,49.8763
1147.0,49.8687
1147.5,50.3875
1148.0,53.5996
1148.5,51.1201
1149.0,49.1879
1149.5,51.0449
1150.0,51.3905
1150.5,51.4511
1151.0,52.5827
1151.5,52.636
1152.0,54.5561
1152.5,56.0049
1153.0,54.9489
1153.5,57.6139
1154.0,54.7179
1154.5,54.1452
1155.0,55.0758
1155.5,56.2733
1156.0,57.2197
1156.5,59.5584
1157.0,58.9948
1157.5,58.1328
1158.0,51.7298
1158.5,45.8542
1159.0,57.7578
1159.5,65.2968
1160.0,65.0157
1160.5,64.7484
1161.0,65.1074
1161.5,67.5405
1162.0,66.1157
1162.5,66.5526
1163.0,66.7851
1163.5,68.0032
1164.0,66.8997
1164.5,65.7129
1165.0,67.1836
1165.5,67.5716
1166.0,67.6985
1166.5,67.372
1167.0,67.9337
1167.5,67.6395
1168.0,65.0417
1168.5,66.6518
1169.0,66.3558
1169.5,63.177
1170.0,58.704
1170.5,48.0717
1171.0,42.887
1171.5,38.0837
1172.0,40.9688
1172.5,44.6925
1173.0,47.1772
1173.5,47.6986
1174.0,48.7723
1174.5,46.7613
1175.0,54.4655
1175.5,57.5872
1176.0,59.8751
1176.5,64.9309
1177.0,84.2892
1177.5,62.8858
1178.0,56.0149
1178.5,54.3499
1179.0,52.2936
1179.5,53.4565
1180.0,54.0292
1180.5,57.9729
1181.0,57.4702
1181.5,58.7012
1182.0,61.3125
1182.5,61.7648
1183.0,61.3346
1183.5,60.3736
1184.0,58.7898
1184.5,59.6313
1185.0,58.5165
1185.5,59.9887
1186.0,59.0676
1186.5,58.3505
1187.0,60.6972
1187.5,59.9593
1188.0,60.4121
1188.5,60.2899
1189.0,61.3182
1189.5,61.2726
1190.0,63.4502
1190.5,63.2593
1191.0,62.6886
1191.5,64.7696
1192.0,61.139
1192.5,61.643
1193.0,60.3913
1193.5,52.0529
1194.0,45.2634
1194.5,44.6931
1195.0,49.8473
1195.5,52.987
1196.0,48.9895
1196.5,48.2762
1197.0,49.9639
1197.5,49.8872
1198.0,49.6187
1198.5,49.4041
1199.0,49.4235
1199.5,50.3178
1200.0,48.5453
1200.5,49.4942
1201.0,48.0559
1201.5,50.7109
1202.0,50.7673
1202.5,45.9976
1203.0,39.9785
1203.5,42.5598
1204.0,47.3015
1204.5,48.581
1205.0,49.3456
1205.5,47.1889
1206.0,49.4428
1206.5,45.6078
1207.0,46.2451
1207.5,49.8422
1208.0,49.174
1208.5,47.1126
1209.0,45.0948
1209.5,47.0615
1210.0,45.0209
1210.5,46.7899
1211.0,45.9019
1211.5,46.6868
1212.0,45.7672
1212.5,47.1818
1213.0,48.6072
1213.5,48.0178
1214.0,47.3479
1214.5,47.1731
1215.0,48.5262
1215.5,45.2781
1216.0,46.8757
1216.5,45.1381
1217.0,45.9265
1217.5,47.8896
1218.0,47.246
1218.5,46.2539
1219.0,45.3801
1219.5,44.8542
1220.0,45.8166
1220.5,45.6416
1221.0,47.7583
1221.5,49.9999
1222.0,50.4475
1222.5,50.9801
1223.0,46.1983
1223.5,48.6299
1224.0,50.0128
1224.5,48.7273
1225.0,46.9353
1225.5,49.5683
1226.0,48.5935
1226.5,48.9321
1227.0,51.5983
1227.5,52.3552
1228.0,47.0931
1228.5,49.9589
1229.0,49.9906
1229.5,52.465
1230.0,51.0184
1230.5,47.825
1231.0,48.3002
1231.5,52.0958
1232.0,50.2612
1232.5,49.6671
1233.0,51.0878
1233.5,55.577
1234.0,52.672
1234.5,49.0224
1235.0,50.0625
1235.5,49.3069
1236.0,51.9139
1236.5,52.0143
1237.0,54.2255
1237.5,50.0907
1238.0,51.5011
1238.5,53.4475
1239.0,52.7678
1239.5,51.5403
1240.0,50.5261
1240.5,54.3988
1241.0,54.1679
1241.5,53.9491
1242.0,54.0777
1242.5,53.0191
1243.0,56.5576
1243.5,57.9207
1244.0,58.0326
1244.5,58.8549
1245.0,58.9466
1245.5,49.7174
1246.0,51.8779
1246.5,58.6264
1247.0,59.7605
1247.5,61.6245
1248.0,62.7132
1248.5,59.8731
1249.0,60.6272
1249.5,60.903
1250.0,62.0485
1250.5,61.4746
1251.0,62.2165
1251.5,61.3019
1252.0,61.3674
1252.5,63.1641
1253.0,61.3347
1253.5,63.773
1254.0,64.8295
1254.5,64.2321
1255.0,65.4045
1255.5,63.5763
1256.0,64.6274
1256.5,62.1659
1257.0,63.8589
1257.5,63.6303
1258.0,65.9109
1258.5,61.4293
1259.0,63.7783
1259.5,63.3718
1260.0,65.0816
1260.5,67.4917
1261.0,63.5965
1261.5,64.3486
1262.0,63.9215
1262.5,65.9773
1263.0,63.3936
1263.5,65.5011
1264.0,63.3274
1264.5,63.1292
1265.0,63.1957
1265.5,62.24
1266.0,62.4342
1266.5,64.6789
1267.0,63.6937
1267.5,64.0069
1268.0,62.7578
1268.5,62.5208
1269.0,62.7339
1269.5,64.5101
1270.0,64.7568
1270.5,62.475
1271.0,64.3192
1271.5,64.258
1272.0,63.6923
1272.5,61.6919
1273.0,61.5245
1273.5,61.8051
1274.0,61.2953
1274.5,63.5856
1275.0,62.4493
1275.5,62.2164
1276.0,62.8843
1276.5,64.0598
1277.0,65.2813
1277.5,64.3975
1278.0,63.158
1278.5,62.9535
1279.0,64.3925
1279.5,63.5412
1280.0,63.1543
1280.5,60.9206
1281.0,62.8843
1281.5,65.0736
1282.0,60.5849
1282.5,62.8695
1283.0,63.1839
1283.5,62.8823
1284.0,62.2688
1284.5,62.9748
1285.0,63.6616
1285.5,62.1226
1286.0,62.6631
1286.5,63.77
1287.0,61.6825
1287.5,62.2923
1288.0,62.7263
1288.5,64.2244
1289.0,61.4659
1289.5,63.728
1290.0,62.5697
1290.5,64.739
1291.0,65.46
1291.5,63.0275
1292.0,62.5651
1292.5,63.6724
1293.0,62.2437
1293.5,62.8199
1294.0,63.287
1294.5,65.0921
1295.0,62.9614
1295.5,63.4747
1296.0,61.6657
1296.5,59.8889
1297.0,61.9741
1297.5,61.0221
1298.0,64.4122
1298.5,65.3276
1299.0,63.5049
1299.5,64.6517
1300.0,63.6315
1300.5,61.0921
1301.0,60.4525
1301.5,63.7903
1302.0,63.3978
1302.5,62.847
1303.0,62.266
1303.5,63.4634
1304.0,63.3556
1304.5,63.6874
1305.0,63.3967
1305.5,64.5672
1306.0,63.8146
1306.5,63.789
1307.0,63.9947
1307.5,61.9982
1308.0,63.4403
1308.5,62.1305
1309.0,62.274
1309.5,61.7435
1310.0,63.6145
1310.5,60.3055
1311.0,62.4367
1311.5,64.0482
1312.0,63.1464
1312.5,64.227
1313.0,62.7592
1313.5,63.1009
1314.0,62.8445
1314.5,65.1046
1315.0,65.6739
1315.5,64.9849
1316.0,63.6039
1316.5,63.4637
1317.0,64.0585
1317.5,62.2747
1318.0,62.4477
1318.5,62.3298
1319.0,62.9493
1319.5,63.0967
1320.0,65.4324
1320.5,66.3037
1321.0,64.7728
1321.5,63.2007
1322.0,65.4091
1322.5,66.2259
1323.0,64.2448
1323.5,65.481
1324.0,62.5412
1324.5,61.8501
1325.0,65.2383
1325.5,66.8169
1326.0,67.5583
1326.5,64.145
1327.0,63.633
1327.5,62.9101
1328.0,62.8451
1328.5,65.0592
1329.0,63.7866
1329.5,63.7094
1330.0,64.837
1330.5,65.0255
1331.0,62.9795
1331.5,63.9417
1332.0,65.0802
1332.5,62.7516
1333.0,63.3608
1333.5,62.8953
1334.0,62.6615
1334.5,61.6624
1335.0,63.0716
1335.5,64.6318
1336.0,64.3187
1336.5,62.2499
1337.0,64.294
1337.5,62.8199
1338.0,61.2719
1338.5,63.2742
1339.0,62.7417
1339.5,64.9842
1340.0,64.6353
1340.5,63.2503
1341.0,61.1752
1341.5,63.4283
1342.0,65.7765
1342.5,63.9996
1343.0,61.1437
1343.5,60.0614
1344.0,61.0228
1344.5,63.1904
1345.0,63.8057
1345.5,64.7449
1346.0,65.0167
1346.5,63.6368
1347.0,61.9518
1347.5,60.8227
1348.0,60.633
1348.5,60.6067
1349.0,62.2847
1349.5,65.8378
1350.0,66.3259
1350.5,67.7341
1351.0,71.247
1351.5,69.3227
1352.0,66.5923
1352.5,64.9685
1353.0,67.2773
1353.5,68.1782
1354.0,65.5501
1354.5,90.5285
1355.0,74.5451
1355.5,68.7524
1356.0,68.0238
1356.5,68.5761
1357.0,67.1288
1357.5,65.7144
1358.0,61.9179
1358.5,54.2577
1359.0,48.7479
1359.5,46.2337
1360.0,51.0324
1360.5,53.433
1361.0,46.3492
1361.5,46.2004
1362.0,50.2019
1362.5,54.2872
1363.0,57.6294
1363.5,58.9435
1364.0,61.1959
1364.5,61.7035
1365.0,61.4995
1365.5,60.8313
1366.0,52.6647
1366.5,51.6679
1367.0,55.8829
1367.5,56.1838
1368.0,61.2488
1368.5,61.2229
1369.0,62.6658
1369.5,59.6261
1370.0,62.4458
1370.5,63.8977
1371.0,61.902
1371.5,63.7826
1372.0,63.9496
1372.5,63.9519
1373.0,63.7951
1373.5,64.3453
1374.0,62.7305
1374.5,61.134
1375.0,64.6448
1375.5,60.8282
1376.0,59.1664
1376.5,59.8003
1377.0,64.2387
1377.5,64.6933
1378.0,64.7074
1378.5,62.7721
1379.0,61.5258
1379.5,62.6347
1380.0,62.6008
1380.5,65.3448
1381.0,61.5415
1381.5,62.8783
1382.0,61.2883
1382.5,62.4182
1383.0,62.5213
1383.5,64.1964
1384.0,62.2062
1384.5,64.4585
1385.0,66.6519
1385.5,64.8443
1386.0,64.9485
1386.5,64.0118
1387.0,63.1374
1387.5,64.1016
1388.0,63.4355
1388.5,65.1479
1389.0,62.7754
1389.5,62.2893
1390.0,60.3305
1390.5,62.2416
1391.0,65.0985
1391.5,66.3043
1392.0,67.4474
1392.5,64.1646
1393.0,62.6992
1393.5,64.3767
1394.0,62.2685
1394.5,63.6188
1395.0,62.4168
1395.5,61.895
1396.0,63.3116
1396.5,64.5019
1397.0,65.794
1397.5,62.7979
1398.0,62.4427
1398.5,64.2853
1399.0,63.554
1399.5,66.0287
1400.0,66.8018
1400.5,64.5593
1401.0,65.7358
1401.5,63.3512
1402.0,61.5911
1402.5,63.2267
1403.0,63.8438
1403.5,65.7614
1404.0,67.1962
1404.5,64.0491
1405.0,63.3755
1405.5,64.5241
1406.0,64.2773
1406.5,64.0006
1407.0,66.5677
1407.5,64.355
1408.0,62.8778
1408.5,61.9232
1409.0,62.6012
1409.5,63.1445
1410.0,64.4105
1410.5,63.2568
1411.0,62.9682
1411.5,60.4107
1412.0,63.5991
1412.5,63.461
1413.0,64.9773
1413.5,63.5023
1414.0,60.5774
1414.5,63.2978
1415.0,62.9293
1415.5,64.3788
1416.0,63.4944
1416.5,63.8208
1417.0,61.7721
1417.5,62.1186
1418.0,64.7971
1418.5,61.3423
1419.0,55.1304
1419.5,52.3707
1420.0,59.8792
1420.5,61.2865
1421.0,62.4727
1421.5,63.2756
1422.0,66.0849
1422.5,66.7785
1423.0,63.5275
1423.5,62.6615
1424.0,61.6087
1424.5,62.8716
1425.0,62.0747
1425.5,61.5933
1426.0,61.8357
1426.5,63.3577
1427.0,65.1068
1427.5,66.4448
1428.0,67.0907
1428.5,66.1641
1429.0,63.1012
1429.5,62.5058
1430.0,62.7819
1430.5,62.3473
1431.0,62.1183
1431.5,60.9175
1432.0,63.1311
1432.5,63.3823
1433.0,58.6658
1433.5,60.0962
1434.0,63.1178
1434.5,65.0148
1435.0,67.5587
1435.5,68.6329
1436.0,65.8527
1436.5,64.5644
1437.0,65.4952
1437.5,66.2951
1438.0,68.2131
1438.5,66.0886
1439.0,68.1853
1439.5,64.3845
1440.0,65.896
1440.5,63.6194
1441.0,63.2959
1441.5,63.5352
1442.0,62.7273
1442.5,62.4973
1443.0,61.449
1443.5,64.7466
1444.0,63.1272
1444.5,63.8703
1445.0,62.0261
1445.5,59.9765
1446.0,59.5092
1446.5,62.4911
1447.0,63.6971
1447.5,60.3482
1448.0,62.8282
1448.5,64.9202
1449.0,62.7627
1449.5,62.1018
1450.0,63.5051
1450.5,63.9061
1451.0,63.1427
1451.5,65.3653
1452.0,65.9984
1452.5,63.8166
1453.0,64.2733
1453.5,61.3861
1454.0,60.6085
1454.5,61.8513
1455.0,61.6204
1455.5,61.2686
1456.0,62.0446
1456.5,62.1121
1457.0,61.4119
1457.5,62.1823
1458.0,61.3239
1458.5,61.07
1459.0,62.4002
1459.5,64.2412
1460.0,62.8189
1460.5,65.5216
1461.0,64.495
1461.5,65.4763
1462.0,65.6633
1462.5,64.4245
1463.0,64.2029
1463.5,63.0389
1464.0,64.5941
1464.5,65.133
1465.0,64.3003
1465.5,55.421
1466.0,57.2969
1466.5,68.8884
1467.0,67.2648
1467.5,69.7773
1468.0,69.1679
1468.5,68.0356
1469.0,68.8649
1469.5,68.7161
1470.0,68.3089
1470.5,69.6018
1471.0,68.4212
1471.5,68.8039
1472.0,67.8586
1472.5,68.0665
1473.0,68.2925
1473.5,70.0838
1474.0,70.9745
1474.5,68.8037
1475.0,67.7465
1475.5,67.9863
1476.0,69.5826
1476.5,70.1692
1477.0,70.9955
1477.5,68.6976
1478.0,64.3631
1478.5,64.5191
1479.0,67.9335
1479.5,69.1026
1480.0,67.4735
1480.5,69.7499
1481.0,69.7856
1481.5,69.6616
1482.0,68.7566
1482.5,66.6687
1483.0,68.488
1483.5,67.9698
1484.0,67.4432
1484.5,67.9493
1485.0,70.5741
1485.5,64.7832
1486.0,65.2072
1486.5,68.0273
1487.0,67.2871
1487.5,69.0719
1488.0,63.9068
1488.5,65.8851
1489.0,66.8499
1489.5,64.8128
1490.0,64.5258
1490.5,65.4302
1491.0,68.4107
1491.5,65.0012
1492.0,61.4678
1492.5,60.2404
1493.0,62.53
1493.5,62.8078
1494.0,62.7048
1494.5,63.5442
1495.0,66.468
1495.5,64.6774
1496.0,63.5648
1496.5,63.6601
1497.0,64.7972
1497.5,65.5353
1498.0,68.0568
1498.5,66.9417
1499.0,64.5281
1499.5,65.2052
1500.0,65.2353
1500.5,65.3922
1501.0,67.3592
1501.5,65.6875
1502.0,67.2389
1502.5,64.6386
1503.0,64.8753
1503.5,65.9077
1504.0,66.5679
1504.5,65.513
1505.0,63.0396
1505.5,66.0067
1506.0,65.7831
1506.5,66.0959
1507.0,67.6752
1507.5,66.0799
1508.0,65.4196
1508.5,66.3646
1509.0,66.7425
1509.5,65.5591
1510.0,62.5567
1510.5,59.1992
1511.0,63.8393
1511.5,64.5278
1512.0,64.1498
1512.5,62.4861
1513.0,61.8147
1513.5,63.4629
1514.0,64.7307
1514.5,61.567
1515.0,56.2998
1515.5,57.2495
1516.0,61.2198
1516.5,59.4841
1517.0,60.6882
1517.5,62.4003
1518.0,61.3359
1518.5,57.3897
1519.0,59.3537
1519.5,59.105
1520.0,56.5725
1520.5,63.6261
1521.0,64.1682
1521.5,63.7325
1522.0,62.3679
1522.5,64.1796
1523.0,62.6081
1523.5,63.785
1524.0,62.0659
1524.5,63.1048
1525.0,64.0273
1525.5,62.171
1526.0,64.6568
1526.5,65.9301
1527.0,65.7767
1527.5,64.5651
1528.0,65.5847
1528.5,66.6146
1529.0,66.9104
1529.5,56.9677
1530.0,51.9181
1530.5,47.627
1531.0,53.0021
1531.5,58.2211
1532.0,58.1416
1532.5,59.5337
1533.0,58.9317
1533.5,60.8813
1534.0,58.4619
1534.5,56.9126
1535.0,57.9637
1535.5,60.5834
1536.0,65.416
1536.5,65.2452
1537.0,62.8204
1537.5,62.9849
1538.0,64.6725
1538.5,63.8651
1539.0,61.9521
1539.5,62.0197
1540.0,65.6007
1540.5,62.7007
1541.0,63.8116
1541.5,65.4513
1542.0,64.5598
1542.5,61.3028
1543.0,59.1201
1543.5,57.3321
1544.0,59.7094
1544.5,59.6786
1545.0,59.4087
1545.5,57.8639
1546.0,60.0211
1546.5,61.3563
1547.0,62.0098
1547.5,61.9768
1548.0,60.2547
1548.5,62.27
1549.0,63.3542
1549.5,60.7187
1550.0,61.3925
1550.5,59.6484
1551.0,61.0824
1551.5,59.5851
1552.0,59.8582
1552.5,61.6064
1553.0,60.8398
1553.5,60.6244
1554.0,57.5893
1554.5,61.6599
1555.0,60.3842
1555.5,59.8541
1556.0,61.0673
1556.5,62.6519
1557.0,61.7549
1557.5,51.5039
1558.0,40.9333
1558.5,39.518
1559.0,51.247
1559.5,50.3322
1560.0,48.1771
1560.5,49.2931
1561.0,40.9483
1561.5,41.9928
1562.0,45.5818
1562.5,47.5195
1563.0,46.2911
1563.5,50.5045
1564.0,49.9305
1564.5,48.348
1565.0,49.5462
1565.5,53.0812
1566.0,52.597
1566.5,49.5497
1567.0,45.2236
1567.5,36.5294
1568.0,38.0469
1568.5,44.1433
1569.0,48.2797
1569.5,49.122
1570.0,49.1958
1570.5,49.1939
1571.0,49.0182
1571.5,51.4835
1572.0,49.88
1572.5,49.023
1573.0,50.3153
1573.5,49.0314
1574.0,48.6648
1574.5,49.79
1575.0,52.4607
1575.5,53.8475
1576.0,51.5671
1576.5,55.0274
1577.0,54.9168
1577.5,56.5352
1578.0,55.1851
1578.5,51.6848
1579.0,41.1692
1579.5,35.2777
1580.0,39.6611
1580.5,46.7741
1581.0,49.374
1581.5,47.4617
1582.0,50.2713
1582.5,47.8068
1583.0,48.2075
1583.5,47.195
1584.0,45.8103
1584.5,45.1012
1585.0,43.9591
1585.5,45.6368
1586.0,45.1855
1586.5,45.1868
1587.0,47.1674
1587.5,48.2256
1588.0,48.592
1588.5,46.2223
1589.0,47.4876
1589.5,56.9205
1590.0,58.965
1590.5,63.1749
1591.0,86.0815
1591.5,66.3058
1592.0,60.1035
1592.5,59.1896
1593.0,60.6641
1593.5,61.5539
1594.0,61.2883
1594.5,62.9812
1595.0,65.1587
1595.5,64.8722
1596.0,65.2541
1596.5,63.3207
1597.0,62.3165
1597.5,61.4867
1598.0,63.6488
1598.5,61.6829
1599.0,61.761
1599.5,62.4401
1600.0,62.8001
1600.5,64.5905
1601.0,61.3682
1601.5,61.9577
1602.0,65.1628
1602.5,60.3148
1603.0,59.3687
1603.5,61.8948
1604.0,61.3256
1604.5,59.6333
1605.0,59.6957
1605.5,60.7569
1606.0,60.5678
1606.5,61.5225
1607.0,62.3938
1607.5,61.9164
1608.0,58.7634
1608.5,52.509
1609.0,45.3133
1609.5,44.9354
1610.0,56.0138
1610.5,56.1955
1611.0,55.7866
1611.5,52.5476
1612.0,51.6817
1612.5,51.7346
1613.0,51.6316
1613.5,52.5342
1614.0,52.991
1614.5,53.4478
1615.0,50.4243
1615.5,52.952
1616.0,52.4897
1616.5,54.6089
1617.0,56.7137
1617.5,51.6595
1618.0,51.7727
1618.5,52.2326
1619.0,52.9606
1619.5,54.2101
1620.0,51.6223
1620.5,54.2302
1621.0,53.9007
1621.5,55.2005
1622.0,55.9851
1622.5,56.7961
1623.0,59.0603
1623.5,55.4449
1624.0,56.5337
1624.5,56.6513
1625.0,51.3003
1625.5,41.8151
1626.0,51.8954
1626.5,54.4036
1627.0,59.6331
1627.5,67.8529
1628.0,66.2522
1628.5,60.7316
1629.0,54.4321
1629.5,56.8306
1630.0,61.7713
1630.5,56.2012
1631.0,53.2403
1631.5,53.2184
1632.0,57.9273
1632.5,63.94
1633.0,63.7384
1633.5,64.5779
1634.0,64.9282
1634.5,65.4799
1635.0,63.3062
1635.5,63.6706
1636.0,64.3909
1636.5,63.259
1637.0,62.1043
1637.5,61.4651
1638.0,64.4536
1638.5,64.7567
1639.0,59.4327
1639.5,53.8134
1640.0,55.6452
1640.5,55.316
1641.0,54.9867
1641.5,54.1758
1642.0,55.3776
1642.5,58.734
1643.0,59.3454
1643.5,61.5005
1644.0,61.5061
1644.5,59.0273
1645.0,58.483
1645.5,57.4006
1646.0,58.6927
1646.5,59.5463
1647.0,58.8805
1647.5,57.3655
1648.0,56.153
1648.5,57.5088
1649.0,58.7338
1649.5,56.7263
1650.0,58.7852
1650.5,60.4308
1651.0,63.7541
1651.5,63.7204
1652.0,63.0185
1652.5,64.0163
1653.0,64.5063
1653.5,67.3985
1654.0,67.0522
1654.5,67.6473
1655.0,65.2751
1655.5,62.8293
1656.0,64.4077
1656.5,62.3413
1657.0,61.6875
1657.5,64.0654
1658.0,62.3296
1658.5,65.1079
1659.0,64.0852
1659.5,63.4062
1660.0,63.5902
1660.5,63.09
1661.0,59.2813
1661.5,60.655
1662.0,59.38
1662.5,57.9755
1663.0,51.5213
1663.5,55.4725
1664.0,59.7318
1664.5,60.7174
1665.0,60.5054
1665.5,60.2615
1666.0,48.4136
1666.5,52.6189
1667.0,52.9895
1667.5,51.6876
1668.0,51.1072
1668.5,52.4712
1669.0,52.2479
1669.5,50.9642
1670.0,55.9777
1670.5,58.3722
1671.0,56.0004
1671.5,54.8186
1672.0,56.4387
1672.5,55.9456
1673.0,57.1994
1673.5,57.232
1674.0,57.8178
1674.5,57.3582
1675.0,57.1643
1675.5,51.8707
1676.0,52.5634
1676.5,52.2514
1677.0,49.4632
1677.5,47.3489
1678.0,47.9312
1678.5,47.5887
1679.0,48.6574
1679.5,47.4589
1680.0,46.6515
1680.5,48.9738
1681.0,46.8121
1681.5,46.7106
1682.0,46.4349
1682.5,46.4422
1683.0,47.3687
1683.5,46.9809
1684.0,48.5628
1684.5,49.8882
1685.0,52.0393
1685.5,56.1423
1686.0,50.3241
1686.5,49.7922
1687.0,53.7602
1687.5,52.9158
1688.0,53.5842
1688.5,57.789
1689.0,60.7101
1689.5,57.0322
1690.0,54.894
1690.5,58.6595
1691.0,63.6334
1691.5,65.5343
1692.0,61.1418
1692.5,59.1763
1693.0,63.4523
1693.5,66.3982
1694.0,63.7628
1694.5,62.4927
1695.0,68.2035
1695.5,66.3683
1696.0,67.6438
1696.5,65.9389
1697.0,66.2378
1697.5,66.3497
1698.0,67.5826
1698.5,69.1673
1699.0,71.0405
1699.5,68.2241
1700.0,68.607
1700.5,67.0855
1701.0,69.1104
1701.5,67.1275
1702.0,68.0726
1702.5,69.1124
1703.0,70.3006
1703.5,70.085
1704.0,69.5768
1704.5,69.3079
1705.0,67.5136
1705.5,69.7038
1706.0,68.6799
1706.5,70.4449
1707.0,66.4095
1707.5,65.8487
1708.0,67.3537
1708.5,71.2181
1709.0,70.4735
1709.5,70.964
1710.0,66.7382
1710.5,68.0592
1711.0,68.3733
1711.5,66.0347
1712.0,69.0095
1712.5,68.5925
1713.0,69.1366
1713.5,71.2254
1714.0,70.9791
1714.5,69.9917
1715.0,69.827
1715.5,67.3472
1716.0,58.9154
1716.5,53.5415
1717.0,55.6332
1717.5,60.2991
1718.0,60.9147
1718.5,65.6834
1719.0,62.7721
1719.5,57.4819
1720.0,55.2665
1720.5,57.1367
1721.0,56.549
1721.5,56.7902
1722.0,53.6371
1722.5,53.2328
1723.0,55.5427
1723.5,56.1608
1724.0,56.4988
1724.5,57.9527
1725.0,62.1875
1725.5,62.201
1726.0,59.8954
1726.5,58.7523
1727.0,58.559
1727.5,53.562
1728.0,50.352
1728.5,49.2226
1729.0,47.8378
1729.5,48.3114
1730.0,50.6659
1730.5,52.2366
1731.0,49.9934
1731.5,48.0512
1732.0,49.4323
1732.5,47.2908
1733.0,46.1928
1733.5,47.8234
1734.0,53.705
1734.5,63.4999
1735.0,63.796
1735.5,60.914
1736.0,62.9352
1736.5,63.4803
1737.0,64.6916
1737.5,63.5627
1738.0,62.9606
1738.5,64.8837
1739.0,62.9161
1739.5,62.8342
1740.0,61.2051
1740.5,60.529
1741.0,64.7605
1741.5,66.1729
1742.0,67.6277
1742.5,65.9249
1743.0,63.1397
1743.5,63.9855
1744.0,63.5104
1744.5,61.3711
1745.0,62.1891
1745.5,61.0925
1746.0,64.5256
1746.5,62.5617
1747.0,62.3201
1747.5,62.7822
1748.0,62.5367
1748.5,64.6899
1749.0,66.8777
1749.5,62.6265
1750.0,60.9279
1750.5,64.7726
1751.0,66.4598
1751.5,67.6912
1752.0,66.9044
1752.5,63.7995
1753.0,64.1048
1753.5,63.6512
1754.0,64.9576
1754.5,63.5976
1755.0,65.251
1755.5,60.3738
1756.0,63.3677
1756.5,64.8342
1757.0,65.6154
1757.5,56.0002
1758.0,52.0427
1758.5,57.3991
1759.0,62.0158
1759.5,61.832
1760.0,59.6787
1760.5,57.7092
1761.0,55.5624
1761.5,54.0547
1762.0,51.5611
1762.5,55.2204
1763.0,57.8357
1763.5,59.4565
1764.0,57.3067
1764.5,56.2054
1765.0,53.3745
1765.5,56.0866
1766.0,54.8411
1766.5,54.9727
1767.0,54.2119
1767.5,52.007
1768.0,53.1671
1768.5,57.7955
1769.0,57.0484
1769.5,60.2075
1770.0,62.4924
1770.5,57.652
1771.0,52.268
1771.5,50.9789
1772.0,57.5125
1772.5,58.1236
1773.0,57.4584
1773.5,60.0997
1774.0,59.8147
1774.5,54.4589
1775.0,50.5447
1775.5,52.6726
1776.0,56.8133
1776.5,57.6065
1777.0,56.6601
1777.5,58.5439
1778.0,61.661
1778.5,62.6687
1779.0,63.932
1779.5,63.8278
1780.0,62.5869
1780.5,59.1612
1781.0,57.7948
1781.5,53.5289
1782.0,58.3319
1782.5,56.8033
1783.0,54.7172
1783.5,54.7323
1784.0,50.3368
1784.5,52.4433
1785.0,52.3493
1785.5,50.3977
1786.0,53.5618
1786.5,55.6983
1787.0,55.2336
1787.5,54.7572
1788.0,53.8638
1788.5,54.8492
1789.0,50.0834
1789.5,53.6189
1790.0,51.3792
1790.5,51.6038
1791.0,50.1372
1791.5,47.3005
1792.0,55.0352
1792.5,58.9926
1793.0,60.1805
1793.5,58.2586
1794.0,60.4221
1794.5,58.8239
1795.0,56.7529
1795.5,55.1736
1796.0,47.7773
1796.5,55.691
1797.0,59.3438
1797.5,57.1906
1798.0,56.8088
1798.5,55.9158
1799.0,53.1606
1799.5,56.4129
1800.0,57.3638
1800.5,55.1372
1801.0,56.9661
1801.5,55.9315
1802.0,58.6402
1802.5,59.6728
1803.0,55.5099
1803.5,55.1052
1804.0,56.3667
1804.5,58.0704
1805.0,64.6518
1805.5,63.5643
1806.0,61.1618
1806.5,63.9547
1807.0,65.7026
1807.5,66.6765
1808.0,66.9338
1808.5,62.7857
1809.0,58.0508
1809.5,52.3329
1810.0,56.8177
1810.5,60.1644
1811.0,61.716
1811.5,58.2249
1812.0,56.9867
1812.5,53.0109
1813.0,51.5069
1813.5,54.7613
1814.0,52.7256
1814.5,52.8875
1815.0,48.3425
1815.5,42.2207
1816.0,43.9785
1816.5,58.6854
1817.0,59.6191
1817.5,59.8395
1818.0,56.9315
1818.5,57.4017
1819.0,62.0034
1819.5,66.0959
1820.0,61.8414
1820.5,65.5136
1821.0,65.6312
1821.5,63.7281
1822.0,65.675
1822.5,67.2856
1823.0,67.6475
1823.5,63.7631
1824.0,66.3564
1824.5,66.7589
1825.0,67.8582
1825.5,66.3811
1826.0,66.9426
1826.5,68.5834
1827.0,62.9427
1827.5,62.5379
1828.0,66.6722
1828.5,70.2357
1829.0,68.7264
1829.5,70.1107
1830.0,69.9096
1830.5,66.9418
1831.0,66.6149
1831.5,66.1919
1832.0,68.7973
1832.5,67.7953
1833.0,66.2781
1833.5,63.8324
1834.0,67.4215
1834.5,65.6673
1835.0,67.8849
1835.5,69.2444
1836.0,67.8966
1836.5,69.4222
1837.0,69.1708
1837.5,66.5487
1838.0,63.9595
1838.5,63.1126
1839.0,62.7332
1839.5,65.3999
1840.0,62.5231
1840.5,65.2919
1841.0,66.5716
1841.5,68.891
1842.0,67.8065
1842.5,69.3439
1843.0,70.6778
1843.5,68.0371
1844.0,66.0647
1844.5,70.5792
1845.0,67.7991
1845.5,68.0023
1846.0,69.0591
1846.5,70.2883
1847.0,67.3627
1847.5,67.7532
1848.0,67.032
1848.5,66.2877
1849.0,69.0288
1849.5,69.903
1850.0,67.859
1850.5,68.3009
1851.0,67.2563
1851.5,61.8788
1852.0,57.9471
1852.5,56.6455
1853.0,56.5678
1853.5,56.7558
1854.0,55.0125
1854.5,57.9559
1855.0,57.0046
1855.5,60.4432
1856.0,53.8268
1856.5,49.4673
1857.0,50.9699
1857.5,53.7962
1858.0,54.9236
1858.5,55.7415
1859.0,56.702
1859.5,60.3049
1860.0,62.4658
1860.5,63.2405
1861.0,65.0631
1861.5,61.1803
1862.0,63.0726
1862.5,65.5931
1863.0,62.0605
1863.5,61.0418
1864.0,58.9003
1864.5,62.4384
1865.0,61.5911
1865.5,59.34
1866.0,59.3035
1866.5,57.2329
1867.0,55.5148
1867.5,55.9848
1868.0,56.621
1868.5,56.8744
1869.0,53.5014
1869.5,50.2188
1870.0,42.3374
1870.5,45.929
1871.0,58.0856
1871.5,59.3421
1872.0,59.9446
1872.5,59.8886
1873.0,59.3782
1873.5,58.8929
1874.0,61.1382
1874.5,58.5036
1875.0,57.8512
1875.5,59.2146
1876.0,58.2014
1876.5,59.4477
1877.0,59.8405
1877.5,60.9843
1878.0,59.3236
1878.5,58.4506
1879.0,60.1844
1879.5,62.9518
1880.0,61.0409
1880.5,62.3033
1881.0,61.7269
1881.5,59.512
1882.0,60.0319
1882.5,60.6994
1883.0,64.2383
1883.5,61.9713
1884.0,62.5144
1884.5,60.6675
1885.0,64.6486
1885.5,63.8245
1886.0,64.6284
1886.5,61.419
1887.0,60.8382
1887.5,63.6182
1888.0,61.9499
1888.5,60.8674
1889.0,56.7663
1889.5,63.3131
1890.0,65.8169
1890.5,67.974
1891.0,67.1497
1891.5,68.5469
1892.0,68.4354
1892.5,67.9617
1893.0,67.5548
1893.5,69.4824
1894.0,68.7798
1894.5,66.4346
1895.0,66.771
1895.5,73.7977
1896.0,67.1941
1896.5,64.7167
1897.0,66.6236
1897.5,65.327
1898.0,62.8906
1898.5,62.3611
1899.0,59.4037
1899.5,66.5069
1900.0,65.2714
1900.5,67.3747
1901.0,64.501
1901.5,65.7169
1902.0,65.077
1902.5,66.5801
1903.0,66.9262
1903.5,64.2805
1904.0,65.6511
1904.5,65.7376
1905.0,65.7122
1905.5,66.371
1906.0,70.3606
1906.5,68.1636
1907.0,67.8065
1907.5,66.9601
1908.0,65.5692
1908.5,63.0003
1909.0,63.3098
1909.5,64.627
1910.0,66.1455
1910.5,69.1991
1911.0,67.8635
1911.5,67.2008
1912.0,67.8832
1912.5,63.7078
1913.0,61.1262
1913.5,69.163
1914.0,64.6446
1914.5,68.4354
1915.0,67.2708
1915.5,70.9455
1916.0,70.3174
1916.5,69.1711
1917.0,68.3221
1917.5,70.1839
1918.0,70.302
1918.5,69.0483
1919.0,70.7367
1919.5,70.3408
1920.0,71.2619
1920.5,73.0251
1921.0,71.5056
1921.5,69.4131
1922.0,69.682
1922.5,70.191
1923.0,70.0691
1923.5,70.5736
1924.0,68.746
1924.5,71.169
1925.0,68.8985
1925.5,67.2002
1926.0,66.9158
1926.5,68.4124
1927.0,69.0491
1927.5,66.8034
1928.0,65.0094
1928.5,63.298
1929.0,61.6451
1929.5,61.1569
1930.0,56.5713
1930.5,57.81
1931.0,60.2186
1931.5,62.8277
1932.0,60.6141
1932.5,61.1532
1933.0,61.2486
1933.5,63.689
1934.0,68.6822
1934.5,67.7355
1935.0,69.3799
1935.5,67.7122
1936.0,67.6822
1936.5,67.9615
1937.0,69.2387
1937.5,67.4197
1938.0,68.2705
1938.5,71.6183
1939.0,69.7828
1939.5,68.2793
1940.0,68.5216
1940.5,70.4263
1941.0,71.6827
1941.5,70.1113
1942.0,70.7287
1942.5,67.681
1943.0,67.9671
1943.5,69.6159
1944.0,71.9052
1944.5,69.616
1945.0,68.9566
1945.5,65.7913
1946.0,69.7054
1946.5,69.596
1947.0,67.5065
1947.5,70.2441
1948.0,68.5144
1948.5,66.9604
1949.0,65.1218
1949.5,68.857
1950.0,68.0853
1950.5,67.9063
1951.0,66.9175
1951.5,65.95
1952.0,69.9908
1952.5,71.2054
1953.0,68.7015
1953.5,68.2013
1954.0,68.8287
1954.5,70.5006
1955.0,68.8337
1955.5,67.552
1956.0,72.1289
1956.5,69.1583
1957.0,68.5062
1957.5,68.6158
1958.0,68.5325
1958.5,69.6183
1959.0,68.1776
1959.5,69.2156
1960.0,70.9235
1960.5,69.3897
1961.0,71.3844
1961.5,69.3101
1962.0,70.0784
1962.5,69.909
1963.0,68.0473
1963.5,63.2001
1964.0,64.2636
1964.5,60.4826
1965.0,60.9302
1965.5,67.5641
1966.0,70.0183
1966.5,68.2257
1967.0,70.2755
1967.5,69.5803
1968.0,71.9711
1968.5,69.4864
1969.0,71.6198
1969.5,69.8963
1970.0,62.8484
1970.5,65.9428
1971.0,66.476
1971.5,75.3547
1972.0,98.0013
1972.5,75.8428
1973.0,71.2619
1973.5,71.5276
1974.0,72.911
1974.5,72.3003
1975.0,72.7655
1975.5,73.5052
1976.0,70.7763
1976.5,69.4696
1977.0,72.1631
1977.5,73.1056
1978.0,72.5643
1978.5,73.7075
1979.0,71.1559
1979.5,72.1787
1980.0,73.5636
1980.5,72.0076
1981.0,72.787
1981.5,73.7145
1982.0,74.0706
1982.5,72.7354
1983.0,72.751
1983.5,72.9668
1984.0,74.2313
1984.5,75.4564
1985.0,73.8311
1985.5,73.3213
1986.0,74.1582
1986.5,75.5135
1987.0,74.2969
1987.5,75.0966
1988.0,74.4015
1988.5,72.8983
1989.0,73.4587
1989.5,73.2054
1990.0,73.5739
1990.5,70.5712
1991.0,71.0725
1991.5,71.5655
1992.0,73.8349
1992.5,73.4472
1993.0,72.768
1993.5,72.5952
1994.0,72.0926
1994.5,72.2906
1995.0,65.0968
1995.5,72.0123
1996.0,73.9414
1996.5,72.4844
1997.0,72.6142
1997.5,71.6126
1998.0,71.8785
1998.5,73.0379
1999.0,71.0314
1999.5,70.8985
2000.0,70.2792
2000.5,64.8503
2001.0,65.487
2001.5,72.0998
2002.0,72.1192
2002.5,65.5189
2003.0,67.7565
2003.5,73.029
2004.0,73.8829
2004.5,73.2906
2005.0,70.794
2005.5,71.7153
2006.0,73.9502
2006.5,74.4678
2007.0,73.5686
2007.5,68.1324
2008.0,73.5118
2008.5,73.1526
2009.0,72.6762
2009.5,73.2159
2010.0,72.1458
2010.5,70.7462
2011.0,73.1296
2011.5,72.7137
2012.0,71.14
2012.5,72.2442
2013.0,71.2674
2013.5,71.0838
2014.0,73.4336
2014.5,71.7544
2015.0,70.6807
2015.5,72.9475
2016.0,72.7234
2016.5,70.4166
2017.0,69.1629
2017.5,70.0447
2018.0,68.1208
2018.5,63.6216
2019.0,64.4662
2019.5,66.8214
2020.0,62.3522
2020.5,57.9127
2021.0,64.8462
2021.5,69.5102
2022.0,67.3493
2022.5,68.7203
2023.0,62.4829
2023.5,65.1276
2024.0,67.8126
2024.5,66.3333
2025.0,62.7906
2025.5,66.2442
2026.0,66.7691
2026.5,69.6601
2027.0,70.4701
2027.5,72.4739
2028.0,72.1435
2028.5,71.123
2029.0,74.0241
2029.5,73.3817
2030.0,70.4764
2030.5,69.9884
2031.0,70.3968
2031.5,71.4995
2032.0,70.5992
2032.5,70.532
2033.0,71.4461
2033.5,68.335
2034.0,65.2673
2034.5,68.6422
2035.0,71.4951
2035.5,72.1122
2036.0,68.4515
2036.5,69.6092
2037.0,67.5533
2037.5,69.045
2038.0,71.3974
2038.5,69.0031
2039.0,69.9337
2039.5,67.2254
2040.0,67.2665
2040.5,66.4958
2041.0,64.1721
2041.5,68.384
2042.0,66.8127
2042.5,62.5169
2043.0,65.6332
2043.5,67.0611
2044.0,68.1425
2044.5,72.4704
2045.0,70.9807
2045.5,70.5068
2046.0,72.2427
2046.5,68.8256
2047.0,68.4173
2047.5,69.5367
2048.0,69.6382
2048.5,65.9674
2049.0,58.37
2049.5,66.8006
2050.0,65.1726
2050.5,60.5436
2051.0,65.3417
2051.5,60.6142
2052.0,66.8847
2052.5,64.5052
2053.0,67.507
2053.5,68.2982
2054.0,68.9098
2054.5,68.5684
2055.0,69.497
2055.5,70.767
2056.0,71.4618
2056.5,70.753
2057.0,72.3636
2057.5,72.0205
2058.0,73.3485
2058.5,73.0529
2059.0,73.7478
2059.5,73.1024
2060.0,74.9616
2060.5,74.5369
2061.0,72.7089
2061.5,73.3138
2062.0,74.5302
2062.5,71.4745
2063.0,72.2188
2063.5,72.9202
2064.0,72.4433
2064.5,75.8137
2065.0,76.2284
2065.5,78.5953
2066.0,76.1603
2066.5,75.708
2067.0,76.1119
2067.5,75.8041
2068.0,76.7186
2068.5,76.3517
2069.0,73.4865
2069.5,75.0776
2070.0,75.616
2070.5,75.0395
2071.0,75.0859
2071.5,73.1739
2072.0,71.9803
2072.5,67.6331
2073.0,73.4474
2073.5,76.6195
2074.0,74.2159
2074.5,75.7238
2075.0,74.9705
2075.5,75.7365
2076.0,77.1513
2076.5,76.8145
2077.0,73.8563
2077.5,74.1274
2078.0,75.7249
2078.5,73.6271
2079.0,74.2038
2079.5,67.6129
2080.0,71.5324
2080.5,74.6326
2081.0,73.6786
2081.5,76.5167
2082.0,77.0665
2082.5,78.842
2083.0,81.0871
2083.5,81.7031
2084.0,78.7247
2084.5,77.6106
2085.0,74.8571
2085.5,77.2883
2086.0,76.0156
2086.5,75.8372
2087.0,70.0832
2087.5,73.8874
2088.0,75.9336
2088.5,76.2717
2089.0,77.109
2089.5,75.0376
2090.0,78.4062
2090.5,79.0739
2091.0,80.3467
2091.5,79.6336
2092.0,76.7528
2092.5,76.1055
2093.0,74.643
2093.5,72.7852
2094.0,70.8906
2094.5,73.8532
2095.0,70.659
2095.5,68.7412
2096.0,71.4018
2096.5,71.9753
2097.0,71.1314
2097.5,73.1416
2098.0,73.1842
2098.5,72.5797
2099.0,73.0849
2099.5,74.877
2100.0,73.8039
2100.5,73.4729
2101.0,73.5731
2101.5,73.1483
2102.0,74.3724
2102.5,74.5661
2103.0,73.4701
2103.5,73.4166
2104.0,74.3806
2104.5,73.4601
2105.0,73.8098
2105.5,75.355
2106.0,76.1965
2106.5,75.0756
2107.0,72.7152
2107.5,72.5411
2108.0,70.8912
2108.5,73.3558
2109.0,72.8508
2109.5,67.6674
2110.0,66.6628
2110.5,71.6964
2111.0,71.4391
2111.5,74.3634
2112.0,73.231
2112.5,74.4042
2113.0,72.9296
2113.5,73.2596
2114.0,72.1426
2114.5,73.6913
2115.0,73.945
2115.5,71.0619
2116.0,68.2302
2116.5,71.8751
2117.0,71.5036
2117.5,69.9678
2118.0,69.699
2118.5,73.0571
2119.0,73.6336
2119.5,75.2577
2120.0,73.0653
2120.5,74.5357
2121.0,71.0543
2121.5,71.7227
2122.0,73.8647
2122.5,76.0563
2123.0,74.9217
2123.5,75.1146
2124.0,73.4965
2124.5,73.8296
2125.0,70.3519
2125.5,71.4462
2126.0,73.617
2126.5,73.7153
2127.0,74.0976
2127.5,75.3867
2128.0,76.0284
2128.5,76.371
2129.0,75.9428
2129.5,75.3793
2130.0,74.7349
2130.5,74.2991
2131.0,73.3755
2131.5,73.1897
2132.0,73.0123
2132.5,73.4795
2133.0,73.8339
2133.5,73.5828
2134.0,72.8873
2134.5,71.9348
2135.0,70.7642
2135.5,69.4908
2136.0,67.7715
2136.5,65.4555
2137.0,71.3159
2137.5,72.802
2138.0,70.2511
2138.5,71.2457
2139.0,71.7929
2139.5,75.0771
2140.0,73.5925
2140.5,71.9263
2141.0,72.7989
2141.5,73.1546
2142.0,73.6299
2142.5,69.4285
2143.0,70.3221
2143.5,73.6774
2144.0,74.8519
2144.5,73.5665
2145.0,72.8536
2145.5,72.5003
2146.0,73.944
2146.5,73.8206
2147.0,72.7275
2147.5,74.3575
2148.0,73.3379
2148.5,70.803
2149.0,69.425
2149.5,71.9292
2150.0,73.3497
2150.5,74.1534
2151.0,72.8689
2151.5,73.0795
2152.0,75.4654
2152.5,74.556
2153.0,73.9881
2153.5,72.8359
2154.0,74.3759
2154.5,73.9385
2155.0,76.2731
2155.5,74.572
2156.0,72.396
2156.5,73.8773
2157.0,70.5565
2157.5,71.291
2158.0,73.0662
2158.5,73.6461
2159.0,74.4794
2159.5,74.7139
2160.0,75.123
2160.5,73.5214
2161.0,74.7194
2161.5,73.695
2162.0,73.7539
2162.5,73.9789
2163.0,73.4218
2163.5,73.0625
2164.0,66.2204
2164.5,66.6341
2165.0,71.7705
2165.5,73.1255
2166.0,72.3553
2166.5,70.796
2167.0,71.5721
2167.5,72.8507
2168.0,72.8637
2168.5,73.8299
2169.0,73.7167
2169.5,75.288
2170.0,71.4917
2170.5,73.2372
2171.0,74.6096
2171.5,75.6186
2172.0,72.1467
2172.5,72.3403
2173.0,75.1122
2173.5,75.1076
2174.0,73.7805
2174.5,71.8113
2175.0,69.402
2175.5,69.2416
2176.0,71.1125
2176.5,73.4751
2177.0,73.5773
2177.5,73.6757
2178.0,71.5778
2178.5,72.3984
2179.0,73.6384
2179.5,72.8962
2180.0,70.8584
2180.5,71.8958
2181.0,72.382
2181.5,71.3757
2182.0,70.7209
2182.5,74.0045
2183.0,71.9148
2183.5,71.5136
2184.0,71.9032
2184.5,75.2745
2185.0,74.544
2185.5,73.9231
2186.0,73.6292
2186.5,73.1625
2187.0,73.3184
2187.5,75.5535
2188.0,72.9566
2188.5,74.429
2189.0,73.73
2189.5,73.4048
2190.0,72.0377
2190.5,70.6797
2191.0,70.9378
2191.5,70.9501
2192.0,70.3115
2192.5,70.7945
2193.0,71.5496
2193.5,71.3749
2194.0,71.2352
2194.5,72.4027
2195.0,72.0551
2195.5,72.4812
2196.0,72.8563
2196.5,73.4123
2197.0,71.5927
2197.5,70.8158
2198.0,72.1521
2198.5,72.915
2199.0,73.782
2199.5,73.9472
2200.0,72.532
2200.5,72.9655
2201.0,73.0894
2201.5,74.1718
2202.0,72.9934
2202.5,74.906
2203.0,75.1898
2203.5,72.6033
2204.0,73.1709
2204.5,71.0969
2205.0,71.1044
2205.5,71.0946
2206.0,73.3414
2206.5,73.1387
2207.0,73.3937
2207.5,76.1239
2208.0,74.0846
2208.5,72.3258
2209.0,78.0905
2209.5,81.5962
2210.0,71.3101
2210.5,70.8546
2211.0,72.5022
2211.5,71.8183
2212.0,71.0188
2212.5,74.3274
2213.0,71.6529
2213.5,75.6051
2214.0,72.8963
2214.5,72.138
2215.0,71.5224
2215.5,69.6593
2216.0,73.4119
2216.5,76.2956
2217.0,75.2111
2217.5,75.2374
2218.0,74.0119
2218.5,73.9856
2219.0,73.5137
2219.5,73.8995
2220.0,74.494
2220.5,72.0584
2221.0,72.8277
2221.5,73.1535
2222.0,71.8412
2222.5,75.1667
2223.0,71.2423
2223.5,67.6668
2224.0,67.8534
2224.5,69.4119
2225.0,67.0547
2225.5,68.5955
2226.0,67.2554
2226.5,71.5738
2227.0,70.3269
2227.5,68.9697
2228.0,71.8788
2228.5,71.0108
2229.0,71.2428
2229.5,71.3489
2230.0,69.7159
2230.5,70.1089
2231.0,71.5778
2231.5,69.9506
2232.0,69.8461
2232.5,68.3177
2233.0,70.7522
2233.5,70.9527
2234.0,72.6323
2234.5,70.2393
2235.0,71.5022
2235.5,71.2312
2236.0,71.9141
2236.5,69.0311
2237.0,68.0251
2237.5,70.023
2238.0,70.5961
2238.5,70.6518
2239.0,70.7222
2239.5,70.2342
2240.0,72.2233
2240.5,70.4826
2241.0,69.2809
2241.5,70.7193
2242.0,70.7823
2242.5,73.0064
2243.0,75.3333
2243.5,72.9822
2244.0,69.5741
2244.5,71.1274
2245.0,72.8021
2245.5,74.3431
2246.0,70.9617
2246.5,71.9939
2247.0,71.151
2247.5,73.7639
2248.0,73.9487
2248.5,71.6318
2249.0,68.0802
2249.5,67.5198
2250.0,67.8225
2250.5,67.7289
2251.0,64.7644
2251.5,72.0978
2252.0,71.3153
2252.5,72.2351
2253.0,71.1181
2253.5,71.3679
2254.0,69.3145
2254.5,70.2398
2255.0,69.173
2255.5,69.8167
2256.0,68.9468
2256.5,68.7853
2257.0,69.9436
2257.5,67.7596
2258.0,69.8364
2258.5,69.7218
2259.0,70.2937
2259.5,71.6617
2260.0,72.3121
2260.5,71.8687
2261.0,71.6741
2261.5,72.8153
2262.0,69.2868
2262.5,69.8563
2263.0,70.7066
2263.5,69.7354
2264.0,67.8576
2264.5,68.8519
2265.0,66.5138
2265.5,70.3496
2266.0,69.866
2266.5,68.1792
2267.0,72.6929
2267.5,71.055
2268.0,70.6657
2268.5,69.8661
2269.0,69.1216
2269.5,69.2369
2270.0,69.3253
2270.5,69.9034
2271.0,62.3028
2271.5,53.3582
2272.0,64.6027
2272.5,66.5162
2273.0,84.3798
2273.5,69.2902
2274.0,69.3532
2274.5,60.1634
2275.0,58.9622
2275.5,66.4962
2276.0,67.8682
2276.5,67.3784
2277.0,72.6873
2277.5,70.4461
2278.0,68.666
2278.5,66.8291
2279.0,65.5622
2279.5,64.5609
2280.0,61.2389
2280.5,65.6788
2281.0,68.093
2281.5,67.9693
2282.0,68.5889
2282.5,66.751
2283.0,68.182
2283.5,68.6582
2284.0,66.9663
2284.5,67.3859
2285.0,64.3009
2285.5,67.3676
2286.0,67.3206
2286.5,66.7242
2287.0,65.9296
2287.5,63.5371
2288.0,59.7896
2288.5,59.7255
2289.0,67.8386
2289.5,69.2487
2290.0,68.9483
2290.5,67.0042
2291.0,70.3681
2291.5,70.2313
2292.0,69.8045
2292.5,66.461
2293.0,67.6849
2293.5,68.6427
2294.0,71.6771
2294.5,70.8316
2295.0,71.6726
2295.5,72.8532
2296.0,67.0687
2296.5,65.3397
2297.0,68.6119
2297.5,66.3439
2298.0,68.6625
2298.5,71.6193
2299.0,72.7367
2299.5,70.9247
2300.0,71.9377
2300.5,68.6725
2301.0,71.9284
2301.5,74.292
2302.0,73.3813
2302.5,73.0657
2303.0,69.0207
2303.5,70.536
2304.0,72.6236
2304.5,68.9966
2305.0,69.5305
2305.5,69.3556
2306.0,71.7836
2306.5,71.1649
2307.0,69.4539
2307.5,58.1122
2308.0,66.3682
2308.5,71.3821
2309.0,68.0257
2309.5,67.4089
2310.0,70.5215
2310.5,71.0754
2311.0,69.636
2311.5,71.6723
2312.0,70.4526
2312.5,68.7207
2313.0,68.4128
2313.5,69.8949
2314.0,72.5309
2314.5,67.2913
2315.0,70.5268
2315.5,71.9638
2316.0,72.3102
2316.5,69.9342
2317.0,73.0978
2317.5,74.414
2318.0,72.7507
2318.5,66.861
2319.0,67.8666
2319.5,70.7456
2320.0,69.057
2320.5,68.0203
2321.0,67.8834
2321.5,67.6318
2322.0,70.9924
2322.5,70.4901
2323.0,70.6667
2323.5,69.3999
2324.0,73.0722
2324.5,73.8155
2325.0,72.0682
2325.5,69.158
2326.0,71.5079
2326.5,72.004
2327.0,70.3987
2327.5,70.5164
2328.0,72.186
2328.5,71.7909
2329.0,71.1561
2329.5,68.3786
2330.0,67.7451
2330.5,69.5773
2331.0,69.3546
2331.5,70.2143
2332.0,67.4014
2332.5,70.0939
2333.0,72.9907
2333.5,70.3634
2334.0,67.1334
2334.5,69.9167
2335.0,72.8796
2335.5,69.9689
2336.0,69.0829
2336.5,69.3514
2337.0,71.411
2337.5,70.6458
2338.0,70.6223
2338.5,71.2839
2339.0,69.9894
2339.5,69.7912
2340.0,70.1167
2340.5,70.8646
2341.0,72.3177
2341.5,71.5993
2342.0,71.7325
2342.5,71.231
2343.0,72.5236
2343.5,72.4668
2344.0,70.7263
2344.5,70.0908
2345.0,72.5657
2345.5,72.1584
2346.0,71.7747
2346.5,69.9684
2347.0,70.7619
2347.5,70.1173
2348.0,71.5465
2348.5,70.8691
2349.0,71.5761
2349.5,69.8158
2350.0,70.8536
2350.5,69.8254
2351.0,69.8967
2351.5,69.1049
2352.0,71.983
2352.5,72.339
2353.0,73.109
2353.5,73.413
2354.0,71.0018
2354.5,70.7346
2355.0,72.6633
2355.5,73.7298
2356.0,75.2707
2356.5,70.8299
2357.0,69.0065
2357.5,70.0685
2358.0,72.3555
2358.5,72.201
2359.0,73.0949
2359.5,73.574
2360.0,71.0198
2360.5,69.1933
2361.0,68.2331
2361.5,71.4959
2362.0,73.9717
2362.5,73.3239
2363.0,72.5673
2363.5,72.4868
2364.0,71.0519
2364.5,69.7553
2365.0,72.1461
2365.5,71.1467
2366.0,73.0215
2366.5,72.6832
2367.0,71.8358
2367.5,74.3054
2368.0,72.934
2368.5,72.5034
2369.0,70.3082
2369.5,71.134
2370.0,70.9945
2370.5,72.6193
2371.0,74.2308
2371.5,73.9971
2372.0,72.3429
2372.5,71.7165
